-- MySQL dump 10.13  Distrib 8.0.17, for Win64 (x86_64)
--
-- Host: localhost    Database: mylcc
-- ------------------------------------------------------
-- Server version	8.0.17

/*!40101 SET @OLD_CHARACTER_SET_CLIENT=@@CHARACTER_SET_CLIENT */;
/*!40101 SET @OLD_CHARACTER_SET_RESULTS=@@CHARACTER_SET_RESULTS */;
/*!40101 SET @OLD_COLLATION_CONNECTION=@@COLLATION_CONNECTION */;
/*!50503 SET NAMES utf8mb4 */;
/*!40103 SET @OLD_TIME_ZONE=@@TIME_ZONE */;
/*!40103 SET TIME_ZONE='+00:00' */;
/*!40014 SET @OLD_UNIQUE_CHECKS=@@UNIQUE_CHECKS, UNIQUE_CHECKS=0 */;
/*!40014 SET @OLD_FOREIGN_KEY_CHECKS=@@FOREIGN_KEY_CHECKS, FOREIGN_KEY_CHECKS=0 */;
/*!40101 SET @OLD_SQL_MODE=@@SQL_MODE, SQL_MODE='NO_AUTO_VALUE_ON_ZERO' */;
/*!40111 SET @OLD_SQL_NOTES=@@SQL_NOTES, SQL_NOTES=0 */;

--
-- Table structure for table `auth_group`
--

DROP TABLE IF EXISTS `auth_group`;
/*!40101 SET @saved_cs_client     = @@character_set_client */;
/*!50503 SET character_set_client = utf8mb4 */;
CREATE TABLE `auth_group` (
  `id` int(11) NOT NULL AUTO_INCREMENT,
  `name` varchar(150) NOT NULL,
  PRIMARY KEY (`id`),
  UNIQUE KEY `name` (`name`)
) ENGINE=InnoDB DEFAULT CHARSET=utf8;
/*!40101 SET character_set_client = @saved_cs_client */;

--
-- Dumping data for table `auth_group`
--

LOCK TABLES `auth_group` WRITE;
/*!40000 ALTER TABLE `auth_group` DISABLE KEYS */;
/*!40000 ALTER TABLE `auth_group` ENABLE KEYS */;
UNLOCK TABLES;

--
-- Table structure for table `auth_group_permissions`
--

DROP TABLE IF EXISTS `auth_group_permissions`;
/*!40101 SET @saved_cs_client     = @@character_set_client */;
/*!50503 SET character_set_client = utf8mb4 */;
CREATE TABLE `auth_group_permissions` (
  `id` bigint(20) NOT NULL AUTO_INCREMENT,
  `group_id` int(11) NOT NULL,
  `permission_id` int(11) NOT NULL,
  PRIMARY KEY (`id`),
  UNIQUE KEY `auth_group_permissions_group_id_permission_id_0cd325b0_uniq` (`group_id`,`permission_id`),
  KEY `auth_group_permissio_permission_id_84c5c92e_fk_auth_perm` (`permission_id`),
  CONSTRAINT `auth_group_permissio_permission_id_84c5c92e_fk_auth_perm` FOREIGN KEY (`permission_id`) REFERENCES `auth_permission` (`id`),
  CONSTRAINT `auth_group_permissions_group_id_b120cbf9_fk_auth_group_id` FOREIGN KEY (`group_id`) REFERENCES `auth_group` (`id`)
) ENGINE=InnoDB DEFAULT CHARSET=utf8;
/*!40101 SET character_set_client = @saved_cs_client */;

--
-- Dumping data for table `auth_group_permissions`
--

LOCK TABLES `auth_group_permissions` WRITE;
/*!40000 ALTER TABLE `auth_group_permissions` DISABLE KEYS */;
/*!40000 ALTER TABLE `auth_group_permissions` ENABLE KEYS */;
UNLOCK TABLES;

--
-- Table structure for table `auth_permission`
--

DROP TABLE IF EXISTS `auth_permission`;
/*!40101 SET @saved_cs_client     = @@character_set_client */;
/*!50503 SET character_set_client = utf8mb4 */;
CREATE TABLE `auth_permission` (
  `id` int(11) NOT NULL AUTO_INCREMENT,
  `name` varchar(255) NOT NULL,
  `content_type_id` int(11) NOT NULL,
  `codename` varchar(100) NOT NULL,
  PRIMARY KEY (`id`),
  UNIQUE KEY `auth_permission_content_type_id_codename_01ab375a_uniq` (`content_type_id`,`codename`),
  CONSTRAINT `auth_permission_content_type_id_2f476e4b_fk_django_co` FOREIGN KEY (`content_type_id`) REFERENCES `django_content_type` (`id`)
) ENGINE=InnoDB AUTO_INCREMENT=29 DEFAULT CHARSET=utf8;
/*!40101 SET character_set_client = @saved_cs_client */;

--
-- Dumping data for table `auth_permission`
--

LOCK TABLES `auth_permission` WRITE;
/*!40000 ALTER TABLE `auth_permission` DISABLE KEYS */;
INSERT INTO `auth_permission` VALUES (1,'Can add log entry',1,'add_logentry'),(2,'Can change log entry',1,'change_logentry'),(3,'Can delete log entry',1,'delete_logentry'),(4,'Can view log entry',1,'view_logentry'),(5,'Can add permission',2,'add_permission'),(6,'Can change permission',2,'change_permission'),(7,'Can delete permission',2,'delete_permission'),(8,'Can view permission',2,'view_permission'),(9,'Can add group',3,'add_group'),(10,'Can change group',3,'change_group'),(11,'Can delete group',3,'delete_group'),(12,'Can view group',3,'view_group'),(13,'Can add user',4,'add_user'),(14,'Can change user',4,'change_user'),(15,'Can delete user',4,'delete_user'),(16,'Can view user',4,'view_user'),(17,'Can add content type',5,'add_contenttype'),(18,'Can change content type',5,'change_contenttype'),(19,'Can delete content type',5,'delete_contenttype'),(20,'Can view content type',5,'view_contenttype'),(21,'Can add session',6,'add_session'),(22,'Can change session',6,'change_session'),(23,'Can delete session',6,'delete_session'),(24,'Can view session',6,'view_session'),(25,'Can add my news',7,'add_mynews'),(26,'Can change my news',7,'change_mynews'),(27,'Can delete my news',7,'delete_mynews'),(28,'Can view my news',7,'view_mynews');
/*!40000 ALTER TABLE `auth_permission` ENABLE KEYS */;
UNLOCK TABLES;

--
-- Table structure for table `auth_user`
--

DROP TABLE IF EXISTS `auth_user`;
/*!40101 SET @saved_cs_client     = @@character_set_client */;
/*!50503 SET character_set_client = utf8mb4 */;
CREATE TABLE `auth_user` (
  `id` int(11) NOT NULL AUTO_INCREMENT,
  `password` varchar(128) NOT NULL,
  `last_login` datetime(6) DEFAULT NULL,
  `is_superuser` tinyint(1) NOT NULL,
  `username` varchar(150) NOT NULL,
  `first_name` varchar(150) NOT NULL,
  `last_name` varchar(150) NOT NULL,
  `email` varchar(254) NOT NULL,
  `is_staff` tinyint(1) NOT NULL,
  `is_active` tinyint(1) NOT NULL,
  `date_joined` datetime(6) NOT NULL,
  PRIMARY KEY (`id`),
  UNIQUE KEY `username` (`username`)
) ENGINE=InnoDB AUTO_INCREMENT=2 DEFAULT CHARSET=utf8;
/*!40101 SET character_set_client = @saved_cs_client */;

--
-- Dumping data for table `auth_user`
--

LOCK TABLES `auth_user` WRITE;
/*!40000 ALTER TABLE `auth_user` DISABLE KEYS */;
INSERT INTO `auth_user` VALUES (1,'pbkdf2_sha256$600000$hbbn1IZqegj4mvn1nB6y3H$7fvyeQ9i0dUTCIOXtWXhhBHGE0GWWInEVcA6xWQ9ONs=','2023-09-19 20:41:13.436129',1,'lcc','','','lcc@gmail.com',1,1,'2023-09-19 19:50:53.264266');
/*!40000 ALTER TABLE `auth_user` ENABLE KEYS */;
UNLOCK TABLES;

--
-- Table structure for table `auth_user_groups`
--

DROP TABLE IF EXISTS `auth_user_groups`;
/*!40101 SET @saved_cs_client     = @@character_set_client */;
/*!50503 SET character_set_client = utf8mb4 */;
CREATE TABLE `auth_user_groups` (
  `id` bigint(20) NOT NULL AUTO_INCREMENT,
  `user_id` int(11) NOT NULL,
  `group_id` int(11) NOT NULL,
  PRIMARY KEY (`id`),
  UNIQUE KEY `auth_user_groups_user_id_group_id_94350c0c_uniq` (`user_id`,`group_id`),
  KEY `auth_user_groups_group_id_97559544_fk_auth_group_id` (`group_id`),
  CONSTRAINT `auth_user_groups_group_id_97559544_fk_auth_group_id` FOREIGN KEY (`group_id`) REFERENCES `auth_group` (`id`),
  CONSTRAINT `auth_user_groups_user_id_6a12ed8b_fk_auth_user_id` FOREIGN KEY (`user_id`) REFERENCES `auth_user` (`id`)
) ENGINE=InnoDB DEFAULT CHARSET=utf8;
/*!40101 SET character_set_client = @saved_cs_client */;

--
-- Dumping data for table `auth_user_groups`
--

LOCK TABLES `auth_user_groups` WRITE;
/*!40000 ALTER TABLE `auth_user_groups` DISABLE KEYS */;
/*!40000 ALTER TABLE `auth_user_groups` ENABLE KEYS */;
UNLOCK TABLES;

--
-- Table structure for table `auth_user_user_permissions`
--

DROP TABLE IF EXISTS `auth_user_user_permissions`;
/*!40101 SET @saved_cs_client     = @@character_set_client */;
/*!50503 SET character_set_client = utf8mb4 */;
CREATE TABLE `auth_user_user_permissions` (
  `id` bigint(20) NOT NULL AUTO_INCREMENT,
  `user_id` int(11) NOT NULL,
  `permission_id` int(11) NOT NULL,
  PRIMARY KEY (`id`),
  UNIQUE KEY `auth_user_user_permissions_user_id_permission_id_14a6b632_uniq` (`user_id`,`permission_id`),
  KEY `auth_user_user_permi_permission_id_1fbb5f2c_fk_auth_perm` (`permission_id`),
  CONSTRAINT `auth_user_user_permi_permission_id_1fbb5f2c_fk_auth_perm` FOREIGN KEY (`permission_id`) REFERENCES `auth_permission` (`id`),
  CONSTRAINT `auth_user_user_permissions_user_id_a95ead1b_fk_auth_user_id` FOREIGN KEY (`user_id`) REFERENCES `auth_user` (`id`)
) ENGINE=InnoDB DEFAULT CHARSET=utf8;
/*!40101 SET character_set_client = @saved_cs_client */;

--
-- Dumping data for table `auth_user_user_permissions`
--

LOCK TABLES `auth_user_user_permissions` WRITE;
/*!40000 ALTER TABLE `auth_user_user_permissions` DISABLE KEYS */;
/*!40000 ALTER TABLE `auth_user_user_permissions` ENABLE KEYS */;
UNLOCK TABLES;

--
-- Table structure for table `django_admin_log`
--

DROP TABLE IF EXISTS `django_admin_log`;
/*!40101 SET @saved_cs_client     = @@character_set_client */;
/*!50503 SET character_set_client = utf8mb4 */;
CREATE TABLE `django_admin_log` (
  `id` int(11) NOT NULL AUTO_INCREMENT,
  `action_time` datetime(6) NOT NULL,
  `object_id` longtext,
  `object_repr` varchar(200) NOT NULL,
  `action_flag` smallint(5) unsigned NOT NULL,
  `change_message` longtext NOT NULL,
  `content_type_id` int(11) DEFAULT NULL,
  `user_id` int(11) NOT NULL,
  PRIMARY KEY (`id`),
  KEY `django_admin_log_content_type_id_c4bce8eb_fk_django_co` (`content_type_id`),
  KEY `django_admin_log_user_id_c564eba6_fk_auth_user_id` (`user_id`),
  CONSTRAINT `django_admin_log_content_type_id_c4bce8eb_fk_django_co` FOREIGN KEY (`content_type_id`) REFERENCES `django_content_type` (`id`),
  CONSTRAINT `django_admin_log_user_id_c564eba6_fk_auth_user_id` FOREIGN KEY (`user_id`) REFERENCES `auth_user` (`id`),
  CONSTRAINT `django_admin_log_chk_1` CHECK ((`action_flag` >= 0))
) ENGINE=InnoDB AUTO_INCREMENT=3 DEFAULT CHARSET=utf8;
/*!40101 SET character_set_client = @saved_cs_client */;

--
-- Dumping data for table `django_admin_log`
--

LOCK TABLES `django_admin_log` WRITE;
/*!40000 ALTER TABLE `django_admin_log` DISABLE KEYS */;
INSERT INTO `django_admin_log` VALUES (1,'2023-09-19 20:42:16.367869','1','myNews object (1)',1,'[{\"added\": {}}]',7,1),(2,'2023-09-19 21:05:57.023273','2','myNews object (2)',1,'[{\"added\": {}}]',7,1);
/*!40000 ALTER TABLE `django_admin_log` ENABLE KEYS */;
UNLOCK TABLES;

--
-- Table structure for table `django_content_type`
--

DROP TABLE IF EXISTS `django_content_type`;
/*!40101 SET @saved_cs_client     = @@character_set_client */;
/*!50503 SET character_set_client = utf8mb4 */;
CREATE TABLE `django_content_type` (
  `id` int(11) NOT NULL AUTO_INCREMENT,
  `app_label` varchar(100) NOT NULL,
  `model` varchar(100) NOT NULL,
  PRIMARY KEY (`id`),
  UNIQUE KEY `django_content_type_app_label_model_76bd3d3b_uniq` (`app_label`,`model`)
) ENGINE=InnoDB AUTO_INCREMENT=8 DEFAULT CHARSET=utf8;
/*!40101 SET character_set_client = @saved_cs_client */;

--
-- Dumping data for table `django_content_type`
--

LOCK TABLES `django_content_type` WRITE;
/*!40000 ALTER TABLE `django_content_type` DISABLE KEYS */;
INSERT INTO `django_content_type` VALUES (1,'admin','logentry'),(3,'auth','group'),(2,'auth','permission'),(4,'auth','user'),(5,'contenttypes','contenttype'),(7,'news','mynews'),(6,'sessions','session');
/*!40000 ALTER TABLE `django_content_type` ENABLE KEYS */;
UNLOCK TABLES;

--
-- Table structure for table `django_migrations`
--

DROP TABLE IF EXISTS `django_migrations`;
/*!40101 SET @saved_cs_client     = @@character_set_client */;
/*!50503 SET character_set_client = utf8mb4 */;
CREATE TABLE `django_migrations` (
  `id` bigint(20) NOT NULL AUTO_INCREMENT,
  `app` varchar(255) NOT NULL,
  `name` varchar(255) NOT NULL,
  `applied` datetime(6) NOT NULL,
  PRIMARY KEY (`id`)
) ENGINE=InnoDB AUTO_INCREMENT=20 DEFAULT CHARSET=utf8;
/*!40101 SET character_set_client = @saved_cs_client */;

--
-- Dumping data for table `django_migrations`
--

LOCK TABLES `django_migrations` WRITE;
/*!40000 ALTER TABLE `django_migrations` DISABLE KEYS */;
INSERT INTO `django_migrations` VALUES (1,'contenttypes','0001_initial','2023-09-19 19:31:12.291212'),(2,'auth','0001_initial','2023-09-19 19:31:13.208266'),(3,'admin','0001_initial','2023-09-19 19:31:13.436136'),(4,'admin','0002_logentry_remove_auto_add','2023-09-19 19:31:13.448143'),(5,'admin','0003_logentry_add_action_flag_choices','2023-09-19 19:31:13.459123'),(6,'contenttypes','0002_remove_content_type_name','2023-09-19 19:31:13.643017'),(7,'auth','0002_alter_permission_name_max_length','2023-09-19 19:31:13.771944'),(8,'auth','0003_alter_user_email_max_length','2023-09-19 19:31:13.941847'),(9,'auth','0004_alter_user_username_opts','2023-09-19 19:31:13.956839'),(10,'auth','0005_alter_user_last_login_null','2023-09-19 19:31:14.067777'),(11,'auth','0006_require_contenttypes_0002','2023-09-19 19:31:14.076771'),(12,'auth','0007_alter_validators_add_error_messages','2023-09-19 19:31:14.102756'),(13,'auth','0008_alter_user_username_max_length','2023-09-19 19:31:14.235680'),(14,'auth','0009_alter_user_last_name_max_length','2023-09-19 19:31:14.363607'),(15,'auth','0010_alter_group_name_max_length','2023-09-19 19:31:14.491533'),(16,'auth','0011_update_proxy_permissions','2023-09-19 19:31:14.506528'),(17,'auth','0012_alter_user_first_name_max_length','2023-09-19 19:31:14.628457'),(18,'sessions','0001_initial','2023-09-19 19:31:14.677441'),(19,'news','0001_initial','2023-09-19 20:38:40.375233');
/*!40000 ALTER TABLE `django_migrations` ENABLE KEYS */;
UNLOCK TABLES;

--
-- Table structure for table `django_session`
--

DROP TABLE IF EXISTS `django_session`;
/*!40101 SET @saved_cs_client     = @@character_set_client */;
/*!50503 SET character_set_client = utf8mb4 */;
CREATE TABLE `django_session` (
  `session_key` varchar(40) NOT NULL,
  `session_data` longtext NOT NULL,
  `expire_date` datetime(6) NOT NULL,
  PRIMARY KEY (`session_key`),
  KEY `django_session_expire_date_a5c62663` (`expire_date`)
) ENGINE=InnoDB DEFAULT CHARSET=utf8;
/*!40101 SET character_set_client = @saved_cs_client */;

--
-- Dumping data for table `django_session`
--

LOCK TABLES `django_session` WRITE;
/*!40000 ALTER TABLE `django_session` DISABLE KEYS */;
INSERT INTO `django_session` VALUES ('c0ozgl5pia3u2nckpddti2ivj8o59fpq','.eJxVjDsOg0AMBe-ydbTCmPUuKdNzBmTsdSCJQOJTRbl7QKJI2pl57-1a3ta-3ZY8t4O6qwN3-WUdyzOPh9AHj_fJyzSu89D5I_GnXXwzaX7dzvbvoOel39cBTS0woVmOpSIZCYBYgFQZdFBgTDutqKgpMaqWlAWIMWMtEpP7fAHrgDfe:1qia2T:b2a-oDxxtwXRX2w7K8sJYDviJ3DTYNDAHW4CZsA8_eY','2023-10-03 20:41:13.443125');
/*!40000 ALTER TABLE `django_session` ENABLE KEYS */;
UNLOCK TABLES;

--
-- Table structure for table `news`
--

DROP TABLE IF EXISTS `news`;
/*!40101 SET @saved_cs_client     = @@character_set_client */;
/*!50503 SET character_set_client = utf8mb4 */;
CREATE TABLE `news` (
  `id` bigint(20) NOT NULL AUTO_INCREMENT,
  `title` varchar(50) NOT NULL,
  `content` longtext NOT NULL,
  `photo_url` varchar(200) NOT NULL,
  `c_date` datetime(6) NOT NULL,
  PRIMARY KEY (`id`)
) ENGINE=InnoDB AUTO_INCREMENT=915 DEFAULT CHARSET=utf8;
/*!40101 SET character_set_client = @saved_cs_client */;

--
-- Dumping data for table `news`
--

LOCK TABLES `news` WRITE;
/*!40000 ALTER TABLE `news` DISABLE KEYS */;
INSERT INTO `news` VALUES (1,'太魯閣事故車廂「驚見遺骸」　花檢鑑定：37件與10罹難者相符','花蓮台鐵太魯閣號事故傷亡慘重，消息震驚國際社會；時隔2年多，今年9月還在事故車廂發現罹難者遺物以及遺骸，再次引起譁然。花蓮地檢今（19）日表示，經統計事故車廂內發現疑似被害人骨骸共計44件，其中37件檢出被害人身分，比對後共計與10名罹難者相符，將儘速聯繫被害人家屬協調骨骸發還等事宜。','https://cc.tvbs.com.tw/img/upload/2023/09/04/20230904172850-564888e0.jpg','2023-09-19 20:42:16.361872'),(2,'縣市長滿意度調查曝！高虹安墊底　藍營這2位則要再加油','《天下雜誌》縣市首長施政滿意度調查，今（19日）出爐。身兼新北市長的國民黨總統參選人侯友宜在去年選舉時雖大勝對手46萬票，但名次從去年第9名，今年滑落到排名倒數第4，專家評價也不如人意。去年風光登場的新秀首長，包含台北市長蔣萬安、基隆市長謝國樑、高虹安分居末三位，其中，高虹安的施政滿意度更是墊底，引發關注。','https://cc.tvbs.com.tw/img/upload/2023/09/13/20230913125150-144d2b37.jpg','2023-09-19 21:05:57.021275'),(3,'《Netflix》上架間諜家家酒！《噬血真愛》七季全包　完整片單一次看','《Netflix》上架間諜家家酒！《噬血真愛》七季全包　完整片單一次看','https://cc.tvbs.com.tw/img/upload/2023/06/26/20230626213737-2251e28f.jpg','2023-09-28 00:00:00.000000'),(4,'最大漁電共生廠啟用　20年將發電33億度','最大漁電共生廠啟用　20年將發電33億度','https://cc.tvbs.com.tw/img/upload/2023/09/28/20230928193747-4cac3be4.jpg','2023-09-28 00:00:00.000000'),(5,'《哈利波特》鄧不利多病逝！享壽82歲　妻兒相伴最後一程','《哈利波特》鄧不利多病逝！享壽82歲　妻兒相伴最後一程','https://cc.tvbs.com.tw/img/upload/2023/09/28/20230928202416-acce6d3c.jpg','2023-09-28 00:00:00.000000'),(6,'亞運網球女雙內戰金包銀　男雙晉金牌戰','亞運網球女雙內戰金包銀　男雙晉金牌戰','https://cc.tvbs.com.tw/img/upload/2023/09/28/20230928174456-b6b17d98.jpg','2023-09-28 00:00:00.000000'),(7,'北捷中央柱子消失了！通勤族哀嚎「好無柱」　地板還多一塊','北捷中央柱子消失了！通勤族哀嚎「好無柱」　地板還多一塊','https://cc.tvbs.com.tw/img/upload/2023/09/19/20230919140831-581bd727.jpg','2023-09-28 00:00:00.000000'),(8,'「鞍馬王子」成功2連霸！　李智凱奪亞運金牌','「鞍馬王子」成功2連霸！　李智凱奪亞運金牌','https://cc.tvbs.com.tw/img/upload/2023/09/28/20230928184442-e03e93bd.jpg','2023-09-28 00:00:00.000000'),(9,'6800元項鍊誰買的！　服務處代收險遭詐騙','6800元項鍊誰買的！　服務處代收險遭詐騙','https://cc.tvbs.com.tw/img/upload/2023/09/28/20230928184922-10b4ef2d.jpg','2023-09-28 00:00:00.000000'),(10,'人魚男神高顏值爆紅！　費立緯為大陸隊游泳摘金','人魚男神高顏值爆紅！　費立緯為大陸隊游泳摘金','https://cc.tvbs.com.tw/img/upload/2023/09/28/20230928194030-1653ad7d.jpg','2023-09-28 00:00:00.000000'),(11,'接平台派單載物！運將怎變成車手　遭警壓制','接平台派單載物！運將怎變成車手　遭警壓制','https://cc.tvbs.com.tw/img/upload/2023/09/28/20230928184051-d3757fbb.jpg','2023-09-28 00:00:00.000000'),(12,'草爺挖礦慘賠4千萬：看清人性、朋友重新洗牌！　嘆陳零九也賠不少','草爺挖礦慘賠4千萬：看清人性、朋友重新洗牌！　嘆陳零九也賠不少','https://cc.tvbs.com.tw/img/upload/2023/09/28/20230928195107-ce2b3f45.jpg','2023-09-28 00:00:00.000000'),(13,'柯稱當醫師不跟孕婦同組　賴辦：性別死當','柯稱當醫師不跟孕婦同組　賴辦：性別死當','https://cc.tvbs.com.tw/img/upload/2023/09/28/20230928184929-8d5695fe.jpg','2023-09-28 00:00:00.000000'),(14,'費城百人洗劫！酒類店全關　治安糟Target全美關9店','費城百人洗劫！酒類店全關　治安糟Target全美關9店','https://cc.tvbs.com.tw/img/upload/2023/09/28/20230928191953-0a01afd9.jpg','2023-09-28 00:00:00.000000'),(15,'「日本一」大洗牌　東京「火炬塔」將奪最高樓','「日本一」大洗牌　東京「火炬塔」將奪最高樓','https://cc.tvbs.com.tw/img/upload/2023/09/13/20230913110107-4aac71a0.jpg','2023-09-28 00:00:00.000000'),(16,'陸房市再受挫！恒大許家印傳遭監視住居　清算破產臨頭','陸房市再受挫！恒大許家印傳遭監視住居　清算破產臨頭','https://cc.tvbs.com.tw/img/upload/2023/09/27/20230927165615-b4892e28.jpg','2023-09-28 00:00:00.000000'),(17,'酒駕撞死8旬翁獲交保　家屬批人命只值6萬？','酒駕撞死8旬翁獲交保　家屬批人命只值6萬？','https://cc.tvbs.com.tw/img/upload/2023/09/28/20230928183535-7e55892e.jpg','2023-09-28 00:00:00.000000'),(18,'整頓門面！巴黎迎奧運　每週「分批運街友」到郊區收容','整頓門面！巴黎迎奧運　每週「分批運街友」到郊區收容','https://cc.tvbs.com.tw/img/upload/2023/08/21/20230821141320-f1e3be7e.jpg','2023-09-28 00:00:00.000000'),(19,'美二等兵越界進北韓　關70天遭驅逐　回美以逃兵論處','美二等兵越界進北韓　關70天遭驅逐　回美以逃兵論處','https://cc.tvbs.com.tw/img/upload/2023/08/17/20230817220603-5bcb8067.jpg','2023-09-28 00:00:00.000000'),(20,'回收塑膠做成冰淇淋！「罪惡滋味」反思汙染危機','回收塑膠做成冰淇淋！「罪惡滋味」反思汙染危機','https://cc.tvbs.com.tw/img/upload/2023/09/28/20230928192143-ced62bd7.jpg','2023-09-28 00:00:00.000000'),(21,'泥水傳疫、叛軍毒販環伺　委內瑞拉淘金童工環境惡劣','泥水傳疫、叛軍毒販環伺　委內瑞拉淘金童工環境惡劣','https://cc.tvbs.com.tw/img/upload/2023/05/26/20230526164254-b5028501.jpg','2023-09-28 00:00:00.000000'),(22,'勇闖元宇宙！祖克柏大秀：Quest 3.智慧眼鏡','勇闖元宇宙！祖克柏大秀：Quest 3.智慧眼鏡','https://cc.tvbs.com.tw/img/upload/2023/09/28/20230928175359-f66ebaee.jpg','2023-09-28 00:00:00.000000'),(23,'土屋太鳳生完小孩繼續演！　與山崎賢人回歸《今際之國的闖關者3》','土屋太鳳生完小孩繼續演！　與山崎賢人回歸《今際之國的闖關者3》','https://cc.tvbs.com.tw/img/upload/2023/01/05/20230105125445-e3ffce19.jpg','2023-09-28 00:00:00.000000'),(24,'中秋連假恐遇雨掃興！9縣市賞月指數滿分　「小犬」成颱機率增','中秋連假恐遇雨掃興！9縣市賞月指數滿分　「小犬」成颱機率增','https://cc.tvbs.com.tw/img/upload/2023/09/03/20230903175716-8b2e2071.jpg','2023-09-28 00:00:00.000000'),(25,'出國潮加2連假接太近　日月潭周邊訂房率僅7成','出國潮加2連假接太近　日月潭周邊訂房率僅7成','https://cc.tvbs.com.tw/img/upload/2023/09/28/20230928175823-ffe59fcd.jpg','2023-09-28 00:00:00.000000'),(26,'醫院椅子半夜傳出詭聲！　護理師好奇查看竟挖出「老員工」','醫院椅子半夜傳出詭聲！　護理師好奇查看竟挖出「老員工」','https://cc.tvbs.com.tw/img/upload/2023/09/28/20230928194119-fa4d3378.jpg','2023-09-28 00:00:00.000000'),(27,'你的車耶！婦「分心」撞車落跑　車主被tag才知','你的車耶！婦「分心」撞車落跑　車主被tag才知','https://cc.tvbs.com.tw/img/upload/2023/09/28/20230928182428-346cb013.jpg','2023-09-28 00:00:00.000000'),(28,'搶嘸票！中秋連假　民眾攜孩提前請假返鄉','搶嘸票！中秋連假　民眾攜孩提前請假返鄉','https://cc.tvbs.com.tw/img/upload/2023/09/28/20230928195115-b58058fb.jpg','2023-09-28 00:00:00.000000'),(29,'明揚爆炸！董座600萬、總經理500萬重金交保　劉安晧：金額不評論','明揚爆炸！董座600萬、總經理500萬重金交保　劉安晧：金額不評論','https://cc.tvbs.com.tw/img/upload/2023/09/28/20230928182018-81551618.jpg','2023-09-28 00:00:00.000000'),(30,'侯喊「新三民主義」　郭辦嗆：金溥聰不懂兩岸','侯喊「新三民主義」　郭辦嗆：金溥聰不懂兩岸','https://cc.tvbs.com.tw/img/upload/2023/09/28/20230928190235-77749e60.jpg','2023-09-28 00:00:00.000000'),(31,'殉職消防員中秋再也無法回家團圓！　家屬痛哭失聲','殉職消防員中秋再也無法回家團圓！　家屬痛哭失聲','https://cc.tvbs.com.tw/img/upload/2023/09/28/20230928184939-a02afcf0.jpg','2023-09-28 00:00:00.000000'),(32,'衛道中學神父發動罷免校長　連署中遭拔主管職','衛道中學神父發動罷免校長　連署中遭拔主管職','https://cc.tvbs.com.tw/img/upload/2023/09/28/20230928194037-95b89a44.jpg','2023-09-28 00:00:00.000000'),(33,'自救會長遭控「老鼠會上線」詐騙金達6百萬　本人駁斥','自救會長遭控「老鼠會上線」詐騙金達6百萬　本人駁斥','https://cc.tvbs.com.tw/img/upload/2023/09/28/20230928175830-90e63d28.jpg','2023-09-28 00:00:00.000000'),(34,'玩飛椅斷繩「4樓高砸地」！遊樂園爆驚魂　外國女師甩飛爆頭','玩飛椅斷繩「4樓高砸地」！遊樂園爆驚魂　外國女師甩飛爆頭','https://cc.tvbs.com.tw/img/upload/2023/09/28/20230928191840-388b232e.jpg','2023-09-28 00:00:00.000000'),(35,'李正皓：包牌式酬庸　高虹安：無給職還要捐錢','李正皓：包牌式酬庸　高虹安：無給職還要捐錢','https://cc.tvbs.com.tw/img/upload/2023/09/28/20230928175852-a9cf9e29.jpg','2023-09-28 00:00:00.000000'),(36,'想去板橋被迫到新莊　台65線新匝道標示惹怨','想去板橋被迫到新莊　台65線新匝道標示惹怨','https://cc.tvbs.com.tw/img/upload/2023/09/28/20230928185626-5f717ade.jpg','2023-09-28 00:00:00.000000'),(37,'車卡在沙灘爸爸趕來救兒子　兩車都困住','車卡在沙灘爸爸趕來救兒子　兩車都困住','https://cc.tvbs.com.tw/img/upload/2023/09/28/20230928185609-bdb065e4.jpg','2023-09-28 00:00:00.000000'),(38,'杭州亞運／《快打旋風5》中華隊內戰！向玉麟晉級冠軍戰　林立偉收銅','杭州亞運／《快打旋風5》中華隊內戰！向玉麟晉級冠軍戰　林立偉收銅','https://cc.tvbs.com.tw/img/upload/2023/09/27/20230927165833-20afa6ab.jpg','2023-09-28 00:00:00.000000'),(39,'幫送信有詐！　小黃運將多拒送或留電話','幫送信有詐！　小黃運將多拒送或留電話','https://cc.tvbs.com.tw/img/upload/2023/09/28/20230928185600-831b361a.jpg','2023-09-28 00:00:00.000000'),(40,'心碎的聲音！i15pro買3天慘摔　手機正反全裂','心碎的聲音！i15pro買3天慘摔　手機正反全裂','https://cc.tvbs.com.tw/img/upload/2023/09/28/20230928180534-9b15ff74.jpg','2023-09-28 00:00:00.000000'),(41,'酒店外打群架！　20多人圍毆酒客警急逮4煞','酒店外打群架！　20多人圍毆酒客警急逮4煞','https://cc.tvbs.com.tw/img/upload/2023/09/28/20230928190249-0848cffd.jpg','2023-09-28 00:00:00.000000'),(42,'挨告到案！「綠黑蛋」男認PO文　警：造假待釐清','挨告到案！「綠黑蛋」男認PO文　警：造假待釐清','https://cc.tvbs.com.tw/img/upload/2023/09/28/20230928194123-dd089cdd.jpg','2023-09-28 00:00:00.000000'),(43,'《奪魂鋸》推第10集！聯名密室逃脫搶先開箱　還原電影場景','《奪魂鋸》推第10集！聯名密室逃脫搶先開箱　還原電影場景','https://cc.tvbs.com.tw/img/upload/2023/09/28/20230928174450-3fb7ffae.jpg','2023-09-28 00:00:00.000000'),(44,'雞蛋變皮蛋？下鍋驚見「黑蛋」　民眾：不敢吃','雞蛋變皮蛋？下鍋驚見「黑蛋」　民眾：不敢吃','https://cc.tvbs.com.tw/img/upload/2023/09/28/20230928183544-4930f467.jpg','2023-09-28 00:00:00.000000'),(45,'才公開新任CEO！環球音樂再曝好消息　台灣董事總經理是「他」','才公開新任CEO！環球音樂再曝好消息　台灣董事總經理是「他」','https://cc.tvbs.com.tw/img/upload/2023/09/28/20230928192745-8449277d.jpg','2023-09-28 00:00:00.000000'),(46,'造勢語出驚人！　鍾小平：萬華「轉角遇到雞」','造勢語出驚人！　鍾小平：萬華「轉角遇到雞」','https://cc.tvbs.com.tw/img/upload/2023/09/28/20230928175837-b0b3275f.jpg','2023-09-28 00:00:00.000000'),(47,'向井理演《派對咖孔明》長到210cm！　藤岡靛講中文耳朵要懷孕','向井理演《派對咖孔明》長到210cm！　藤岡靛講中文耳朵要懷孕','https://cc.tvbs.com.tw/img/upload/2023/09/28/20230928192653-c223b902.jpg','2023-09-28 00:00:00.000000'),(48,'宇宙漫遊371天返回！　盧比歐破美太空人最久紀錄','宇宙漫遊371天返回！　盧比歐破美太空人最久紀錄','https://cc.tvbs.com.tw/img/upload/2023/09/28/20230928191300-81431e35.jpg','2023-09-28 00:00:00.000000'),(49,'完工才三年！　社宅排泄物污水外漏飄惡臭','完工才三年！　社宅排泄物污水外漏飄惡臭','https://cc.tvbs.com.tw/img/upload/2023/09/28/20230928180527-a222fe1d.jpg','2023-09-28 00:00:00.000000'),(50,'AI明星虛擬人　7位藝人明星線上互動','AI明星虛擬人　7位藝人明星線上互動','https://cc.tvbs.com.tw/img/upload/2023/09/28/20230928191551-c85e9fa0.jpg','2023-09-28 00:00:00.000000'),(51,'登革熱發燒仍辦中秋烤肉？　疾管局：做好自我防護','登革熱發燒仍辦中秋烤肉？　疾管局：做好自我防護','https://cc.tvbs.com.tw/img/upload/2023/09/28/20230928175847-d0ddf4aa.jpg','2023-09-28 00:00:00.000000'),(52,'超強！亞運圍棋連斬世界前3　許皓鋐奪金牌','超強！亞運圍棋連斬世界前3　許皓鋐奪金牌','https://cc.tvbs.com.tw/img/upload/2023/09/28/20230928174858-03f12733.jpg','2023-09-28 00:00:00.000000'),(53,'阿公來了！「國造潛艦」下水　邰智源現身','阿公來了！「國造潛艦」下水　邰智源現身','https://cc.tvbs.com.tw/img/upload/2023/09/28/20230928173443-a1d6359c.jpg','2023-09-28 00:00:00.000000'),(54,'「不能只有夜班獎勵」　護理師：應通盤加薪','「不能只有夜班獎勵」　護理師：應通盤加薪','https://cc.tvbs.com.tw/img/upload/2023/09/28/20230928185616-9eeb3fa9.jpg','2023-09-28 00:00:00.000000'),(55,'南韓連放6天中秋連假　爭相出國仁川機場擠爆','南韓連放6天中秋連假　爭相出國仁川機場擠爆','https://cc.tvbs.com.tw/img/upload/2023/09/28/20230928174833-edac3fb3.jpg','2023-09-28 00:00:00.000000'),(56,'周董師弟派偉俊發片！開箱視覺人物　Marz23周邊公仔超精緻','周董師弟派偉俊發片！開箱視覺人物　Marz23周邊公仔超精緻','https://cc.tvbs.com.tw/img/upload/2023/09/28/20230928174433-16d36760.jpg','2023-09-28 00:00:00.000000'),(57,'快訊／華山園區見火光！北市新生高架橋「火燒廂型車」　濃煙狂竄','快訊／華山園區見火光！北市新生高架橋「火燒廂型車」　濃煙狂竄','https://cc.tvbs.com.tw/img/upload/2023/09/28/20230928191847-bd9c4d53.jpg','2023-09-28 00:00:00.000000'),(58,'拱天宮建廟160年　白沙屯媽、北港媽雙媽會','拱天宮建廟160年　白沙屯媽、北港媽雙媽會','https://cc.tvbs.com.tw/img/upload/2023/09/28/20230928172352-21695e0f.jpg','2023-09-28 00:00:00.000000'),(59,'選前抓賭查匯兌　「亞運」網路簽賭逾17億','選前抓賭查匯兌　「亞運」網路簽賭逾17億','https://cc.tvbs.com.tw/img/upload/2023/09/28/20230928182651-78284aec.jpg','2023-09-28 00:00:00.000000'),(60,'消防、政院討論談不攏　宣布：10/9夜宿凱道','消防、政院討論談不攏　宣布：10/9夜宿凱道','https://cc.tvbs.com.tw/img/upload/2023/09/28/20230928172337-3e87e79f.jpg','2023-09-28 00:00:00.000000'),(61,'8天收3紅單！直行遭檢舉「未打方向燈」　交通局回應了','8天收3紅單！直行遭檢舉「未打方向燈」　交通局回應了','https://cc.tvbs.com.tw/img/upload/2023/09/28/20230928172344-78220cc1.jpg','2023-09-28 00:00:00.000000'),(62,'習喊話參與WTO改革陸監管要求app報備　首批名單無蘋果','習喊話參與WTO改革陸監管要求app報備　首批名單無蘋果','https://cc.tvbs.com.tw/img/upload/2023/09/28/20230928170938-9bdd702d.jpg','2023-09-28 00:00:00.000000'),(63,'檢舉連鎖燒肉醬汁加防腐劑　業者：前員工報復亂爆料','檢舉連鎖燒肉醬汁加防腐劑　業者：前員工報復亂爆料','https://cc.tvbs.com.tw/img/upload/2023/09/28/20230928182013-0c878af3.jpg','2023-09-28 00:00:00.000000'),(64,'陸雙節8天連假　廣東現「火龍車陣」廣西車禍5死','陸雙節8天連假　廣東現「火龍車陣」廣西車禍5死','https://cc.tvbs.com.tw/img/upload/2023/09/28/20230928174946-ddec232b.jpg','2023-09-28 00:00:00.000000'),(65,'500盤得主出爐！　奪盤王「晶華軒、朧粵、鮨天本」','500盤得主出爐！　奪盤王「晶華軒、朧粵、鮨天本」','https://cc.tvbs.com.tw/img/upload/2023/09/28/20230928172856-fc4bbdba.jpg','2023-09-28 00:00:00.000000'),(66,'缺席共和黨初選辯論　川普：我當總統中國不犯台','缺席共和黨初選辯論　川普：我當總統中國不犯台','https://cc.tvbs.com.tw/img/upload/2023/09/28/20230928170726-3d4bc976.jpg','2023-09-28 00:00:00.000000'),(67,'《女兵》梁舒涵備戰斯巴達障礙跑　遭男星嗆聲傻眼了','《女兵》梁舒涵備戰斯巴達障礙跑　遭男星嗆聲傻眼了','https://cc.tvbs.com.tw/img/upload/2023/09/28/20230928185246-f6914a8b.jpg','2023-09-28 00:00:00.000000'),(68,'航空城以地換地！15米道路剩6米　民眾：被詐騙','航空城以地換地！15米道路剩6米　民眾：被詐騙','https://cc.tvbs.com.tw/img/upload/2023/09/28/20230928173122-e07fdcb3.jpg','2023-09-28 00:00:00.000000'),(69,'A流變重症！俯臥加葉克膜　搶救17天轉危為安','A流變重症！俯臥加葉克膜　搶救17天轉危為安','https://cc.tvbs.com.tw/img/upload/2023/09/28/20230928123156-16f63af7.jpg','2023-09-28 00:00:00.000000'),(70,'西螺老怪「反著來」　雙手鏡面書法、還倒騎2輪','西螺老怪「反著來」　雙手鏡面書法、還倒騎2輪','https://cc.tvbs.com.tw/img/upload/2023/09/28/20230928151954-44251946.jpg','2023-09-28 00:00:00.000000'),(71,'柯文哲有13％險中求勝　他揭「侯柯配不會贏」關鍵原因','柯文哲有13％險中求勝　他揭「侯柯配不會贏」關鍵原因','https://cc.tvbs.com.tw/img/upload/2023/09/28/20230928123227-2b838280.jpg','2023-09-28 00:00:00.000000'),(72,'男偶像逼甲殼類過敏隊友吃蝦！　嗆聲「我負責」惹怒全網：殺人罪','男偶像逼甲殼類過敏隊友吃蝦！　嗆聲「我負責」惹怒全網：殺人罪','https://cc.tvbs.com.tw/img/upload/2023/09/28/20230928182620-30806295.jpg','2023-09-28 00:00:00.000000'),(73,'知名建築師陳永興開車發病！口吐鮮血　送醫不治享壽63歲','知名建築師陳永興開車發病！口吐鮮血　送醫不治享壽63歲','https://cc.tvbs.com.tw/img/upload/2023/09/28/20230928182425-b3c24b73.jpg','2023-09-28 00:00:00.000000'),(74,'父命2幼孩畢業前別交男友！放大絕「誘簽協議書」掀熱議','父命2幼孩畢業前別交男友！放大絕「誘簽協議書」掀熱議','https://cc.tvbs.com.tw/img/upload/2023/09/28/20230928174520-39432439.jpg','2023-09-28 00:00:00.000000'),(75,'守護性別平權！謝佩芬呼籲王鴻薇：共同站出來譴責柯文哲','守護性別平權！謝佩芬呼籲王鴻薇：共同站出來譴責柯文哲','https://cc.tvbs.com.tw/img/upload/2023/08/20/20230820110539-4c1a395e.jpg','2023-09-28 00:00:00.000000'),(76,'加深防詐意識！新北警「豹隊長」與三國群英聯手斬詐騙','加深防詐意識！新北警「豹隊長」與三國群英聯手斬詐騙','https://cc.tvbs.com.tw/img/upload/2023/09/28/20230928182306-a05d1dda.jpg','2023-09-28 00:00:00.000000'),(77,'酷炫驚傳日本發生車禍！好友琳妲心疼發聲：他最近滿衰','酷炫驚傳日本發生車禍！好友琳妲心疼發聲：他最近滿衰','https://cc.tvbs.com.tw/img/upload/2023/09/28/20230928182425-9ca1620a.jpg','2023-09-28 00:00:00.000000'),(78,'劉芒退租爭議風向反轉！爆料網紅遭炎上　認「疏於查證」道歉了','劉芒退租爭議風向反轉！爆料網紅遭炎上　認「疏於查證」道歉了','https://cc.tvbs.com.tw/img/upload/2023/05/23/20230523120719-17d2b150.jpg','2023-09-28 00:00:00.000000'),(79,'中秋烤肉注意！專家授用「1物」辨肉真僞：多吃恐危害肝腎','中秋烤肉注意！專家授用「1物」辨肉真僞：多吃恐危害肝腎','https://cc.tvbs.com.tw/img/upload/2023/09/28/20230928181222-18418520.jpg','2023-09-28 00:00:00.000000'),(80,'0928／謝明昌氣象一把抓','0928／謝明昌氣象一把抓','https://cc.tvbs.com.tw/img/upload/2023/09/28/20230928160232-263a43f9.jpg','2023-09-28 00:00:00.000000'),(81,'柯文哲打槍藍白合譙「去死吧」趙少康曝關鍵：以為靠自己能贏？','柯文哲打槍藍白合譙「去死吧」趙少康曝關鍵：以為靠自己能贏？','https://cc.tvbs.com.tw/img/upload/2023/05/06/20230506180321-976420b3.jpg','2023-09-28 00:00:00.000000'),(82,'國慶連假出遊返鄉注意！台鐵再加開18列次　9/30開搶','國慶連假出遊返鄉注意！台鐵再加開18列次　9/30開搶','https://cc.tvbs.com.tw/img/upload/2023/07/07/20230707183457-2aa82fef.jpg','2023-09-28 00:00:00.000000'),(83,'羨慕！鴻海搶在中秋前發紅包　員工最高可領百萬以上','羨慕！鴻海搶在中秋前發紅包　員工最高可領百萬以上','https://cc.tvbs.com.tw/img/upload/2023/05/31/20230531124508-4a411c0d.jpg','2023-09-28 00:00:00.000000'),(84,'納卡共和國明年解散！過半亞美尼亞人外逃　30年「國中國」終結　','納卡共和國明年解散！過半亞美尼亞人外逃　30年「國中國」終結　','https://cc.tvbs.com.tw/img/upload/2023/09/28/20230928180901-d2a8d420.jpg','2023-09-28 00:00:00.000000'),(85,'傅孟柏與王柏傑譜禁忌情誼！怒嗆「你懂吃嗎」　簡嫚書竟成大食怪','傅孟柏與王柏傑譜禁忌情誼！怒嗆「你懂吃嗎」　簡嫚書竟成大食怪','https://cc.tvbs.com.tw/img/upload/2023/09/28/20230928180836-3c89da0f.jpg','2023-09-28 00:00:00.000000'),(86,'杭州亞運／網球男雙闖決賽　莊吉生感性憶母：化為蝴蝶飛來看我','杭州亞運／網球男雙闖決賽　莊吉生感性憶母：化為蝴蝶飛來看我','https://cc.tvbs.com.tw/img/upload/2023/09/28/20230928180543-d2f5cfa7.jpg','2023-09-28 00:00:00.000000'),(87,'民眾爆「買到臭綠蛋」農業部報警抓人　洪孟楷怒檢舉違法查水表','民眾爆「買到臭綠蛋」農業部報警抓人　洪孟楷怒檢舉違法查水表','https://cc.tvbs.com.tw/img/upload/2023/09/27/20230927164033-75106aa5.jpg','2023-09-28 00:00:00.000000'),(88,'福島動物園獅子咬死人！員工餵食遭狠咬　頸部出血不治','福島動物園獅子咬死人！員工餵食遭狠咬　頸部出血不治','https://cc.tvbs.com.tw/img/upload/2023/09/28/20230928175055-35906515.jpg','2023-09-28 00:00:00.000000'),(89,'台南通緝犯「收購10萬顆感冒藥」製毒！警搜3.5公斤安毒','台南通緝犯「收購10萬顆感冒藥」製毒！警搜3.5公斤安毒','https://cc.tvbs.com.tw/img/upload/2023/09/28/20230928180455-28665f0d.jpg','2023-09-28 00:00:00.000000'),(90,'杭州亞運／許皓鋐圍棋奪金被稱「許仙」　陸網傻眼柯潔逆轉卻落敗','杭州亞運／許皓鋐圍棋奪金被稱「許仙」　陸網傻眼柯潔逆轉卻落敗','https://cc.tvbs.com.tw/img/upload/2023/09/28/20230928175639-4d785d22.jpg','2023-09-28 00:00:00.000000'),(91,'里長安捏歹看啦!欠稅里長3小時湊232萬還款保顏面','里長安捏歹看啦!欠稅里長3小時湊232萬還款保顏面','https://cc.tvbs.com.tw/img/upload/2023/09/28/20230928163927-ebcfcc1a.jpg','2023-09-28 00:00:00.000000'),(92,'辯「朋友資助才選上」新北里長欠稅232萬　見會被留置秒掏現金','辯「朋友資助才選上」新北里長欠稅232萬　見會被留置秒掏現金','https://cc.tvbs.com.tw/img/upload/2023/09/28/20230928170029-01e63baa.jpg','2023-09-28 00:00:00.000000'),(93,'DJ妖嬌透視裝火辣藏不住　驚喊「怕曬太陽」自招愛摸黑行動','DJ妖嬌透視裝火辣藏不住　驚喊「怕曬太陽」自招愛摸黑行動','https://cc.tvbs.com.tw/img/upload/2023/09/28/20230928173234-afb51c73.jpg','2023-09-28 00:00:00.000000'),(94,'不敵電動車與本土車企！三菱汽車將撤資　停止在陸生產','不敵電動車與本土車企！三菱汽車將撤資　停止在陸生產','https://cc.tvbs.com.tw/img/upload/2023/09/28/20230928174718-d0e7b0ec.jpg','2023-09-28 00:00:00.000000'),(95,'韓國瑜出馬促「藍白合」？　游淑慧點破一事：黨中央沒授權','韓國瑜出馬促「藍白合」？　游淑慧點破一事：黨中央沒授權','https://cc.tvbs.com.tw/img/upload/2023/07/04/20230704075427-98c0e149.jpg','2023-09-28 00:00:00.000000'),(96,'38K北漂族「想買房出租」！生活費餘額曝光遭酸：越級打怪','38K北漂族「想買房出租」！生活費餘額曝光遭酸：越級打怪','https://cc.tvbs.com.tw/img/upload/2023/09/28/20230928174600-a4ab5bfc.jpg','2023-09-28 00:00:00.000000'),(97,'NBA／柯瑞是最強控衛？魔術強森笑回「成就要先超越我」：但他沒有','NBA／柯瑞是最強控衛？魔術強森笑回「成就要先超越我」：但他沒有','https://cc.tvbs.com.tw/img/upload/2023/09/28/20230928173744-0247a6b4.jpg','2023-09-28 00:00:00.000000'),(98,'開天窗！新北樹林三合院整片屋頂轟然掉落　8旬夫妻一度受困','開天窗！新北樹林三合院整片屋頂轟然掉落　8旬夫妻一度受困','https://cc.tvbs.com.tw/img/upload/2023/09/28/20230928174430-1bad6816.jpg','2023-09-28 00:00:00.000000'),(99,'38歲李妍瑾結婚了！　甜偎老公「正式升格人妻」','38歲李妍瑾結婚了！　甜偎老公「正式升格人妻」','https://cc.tvbs.com.tw/img/upload/2023/09/28/20230928174417-7415adc7.jpg','2023-09-28 00:00:00.000000'),(100,'難整合！藍議員：藍白沒固定老三「都不想讓」、柯訪美避風頭','難整合！藍議員：藍白沒固定老三「都不想讓」、柯訪美避風頭','https://cc.tvbs.com.tw/img/upload/2023/09/28/20230928173513-2f7d08ee.jpg','2023-09-28 00:00:00.000000'),(101,'MLB／千賀滉大新人年最終戰完美收官　單季200K齊名3大日本巨投','MLB／千賀滉大新人年最終戰完美收官　單季200K齊名3大日本巨投','https://cc.tvbs.com.tw/img/upload/2023/09/28/20230928173440-0d4bab45.jpg','2023-09-28 00:00:00.000000'),(102,'平均1天5車禍！台中外送員死傷破兩千　警曝「兩時段」最多','平均1天5車禍！台中外送員死傷破兩千　警曝「兩時段」最多','https://cc.tvbs.com.tw/img/upload/2023/09/10/20230910123335-29e6333a.jpg','2023-09-28 00:00:00.000000'),(103,'八點檔女神為戲剃光頭！星卉曝演到罹憂鬱症「想跳碧潭」','八點檔女神為戲剃光頭！星卉曝演到罹憂鬱症「想跳碧潭」','https://cc.tvbs.com.tw/img/upload/2023/09/28/20230928172600-99f970c3.jpg','2023-09-28 00:00:00.000000'),(104,'FT：OpenAI與蘋果前設計師協商　要打造AI界的iPhone','FT：OpenAI與蘋果前設計師協商　要打造AI界的iPhone','https://cc.tvbs.com.tw/img/upload/2023/09/28/20230928172156-1259b416.jpg','2023-09-28 00:00:00.000000'),(105,'替「藍白合」鋪路　金溥聰釋善意：從未下令打柯文哲','替「藍白合」鋪路　金溥聰釋善意：從未下令打柯文哲','https://cc.tvbs.com.tw/img/upload/2023/09/13/20230913134532-578f3f7f.jpg','2023-09-28 00:00:00.000000'),(106,'納卡區「國中之國」將消失　領袖簽法令解散機構','納卡區「國中之國」將消失　領袖簽法令解散機構','https://cc.tvbs.com.tw/img/upload/2023/09/28/20230928172235-56c84deb.jpg','2023-09-28 00:00:00.000000'),(107,'杭州亞運／第4金入袋！許皓鋐戰勝地主柯潔　圍棋史上首金','杭州亞運／第4金入袋！許皓鋐戰勝地主柯潔　圍棋史上首金','https://cc.tvbs.com.tw/img/upload/2023/09/28/20230928172603-9a4d4a90.jpg','2023-09-28 00:00:00.000000'),(108,'4校辦公室吹冷氣竟要自付電費　花蓮教師抗議：希望被善待','4校辦公室吹冷氣竟要自付電費　花蓮教師抗議：希望被善待','https://cc.tvbs.com.tw/img/upload/2023/09/28/20230928170559-5102e763.jpg','2023-09-28 00:00:00.000000'),(109,'疑吸噴霧劑「嗨過頭」！抖音挑戰再奪命　外國女昏厥3天不治','疑吸噴霧劑「嗨過頭」！抖音挑戰再奪命　外國女昏厥3天不治','https://cc.tvbs.com.tw/img/upload/2023/09/28/20230928171702-53f47bbe.jpg','2023-09-28 00:00:00.000000'),(110,'長輩待咖啡廳7hr！店員突遞「黃字條」...遭1星狂刷轟歧視','長輩待咖啡廳7hr！店員突遞「黃字條」...遭1星狂刷轟歧視','https://cc.tvbs.com.tw/img/upload/2023/09/28/20230928165708-ba79f224.jpg','2023-09-28 00:00:00.000000'),(111,'用環保餐具竟有反效果？麥當勞抗拒歐盟新規曝：損失慘重','用環保餐具竟有反效果？麥當勞抗拒歐盟新規曝：損失慘重','https://cc.tvbs.com.tw/img/upload/2023/09/28/20230928171623-c1a3cfa3.jpg','2023-09-28 00:00:00.000000'),(112,'每天愛熬夜！他暴飲暴食「喝1飲料肚子痛爆」　急送加護搶命','每天愛熬夜！他暴飲暴食「喝1飲料肚子痛爆」　急送加護搶命','https://cc.tvbs.com.tw/img/upload/2023/08/23/20230823083331-d0305410.jpg','2023-09-28 00:00:00.000000'),(113,'天后闆妹「2天賺2億」破紀錄！孫協志嚇瘋：在她面前我們好窮','天后闆妹「2天賺2億」破紀錄！孫協志嚇瘋：在她面前我們好窮','https://cc.tvbs.com.tw/img/upload/2023/09/28/20230928170857-d01caed4.jpg','2023-09-28 00:00:00.000000'),(114,'杭州亞運／梁恩碩一日兩戰　攜手黃琮豪網球混雙晉4強銅牌起跳','杭州亞運／梁恩碩一日兩戰　攜手黃琮豪網球混雙晉4強銅牌起跳','https://cc.tvbs.com.tw/img/upload/2023/09/28/20230928171431-d2995ab2.jpg','2023-09-28 00:00:00.000000'),(115,'黃韻玲全說了！辦實戰營隊驚認「有翹過課」　被熱血教師感動','黃韻玲全說了！辦實戰營隊驚認「有翹過課」　被熱血教師感動','https://cc.tvbs.com.tw/img/upload/2023/09/28/20230928165015-d8d7c398.jpg','2023-09-28 00:00:00.000000'),(116,'張詠華猝逝！李銘忠悲曬「最後一餐」　憶片場時光：認識你是福氣','張詠華猝逝！李銘忠悲曬「最後一餐」　憶片場時光：認識你是福氣','https://cc.tvbs.com.tw/img/upload/2023/09/28/20230928165423-09fb85c1.jpg','2023-09-28 00:00:00.000000'),(117,'韓網瘋傳「GD簽約美國華納」！　YG剩這團活動遭酸：你們是誰？','韓網瘋傳「GD簽約美國華納」！　YG剩這團活動遭酸：你們是誰？','https://cc.tvbs.com.tw/img/upload/2023/09/28/20230928170905-320019ec.jpg','2023-09-28 00:00:00.000000'),(118,'什麼食物那麼讚！外送員花三小時「搭機2千公里」送餐　空姐看傻','什麼食物那麼讚！外送員花三小時「搭機2千公里」送餐　空姐看傻','https://cc.tvbs.com.tw/img/upload/2023/09/28/20230928170211-18eb9dee.jpg','2023-09-28 00:00:00.000000'),(119,'外資9月賣超1659億元創1年高　今年買超近歸零','外資9月賣超1659億元創1年高　今年買超近歸零','https://cc.tvbs.com.tw/img/upload/2022/09/22/20220922085559-8b067757.jpg','2023-09-28 00:00:00.000000'),(120,'男友堅決不用載具！親吐「1原因」她嘆不解　網見理由傻眼','男友堅決不用載具！親吐「1原因」她嘆不解　網見理由傻眼','https://cc.tvbs.com.tw/img/upload/2023/09/28/20230928164320-1affb061.jpg','2023-09-28 00:00:00.000000'),(121,'杭州亞運／奪金日是教師節也是爸爸生日　李智凱：重要的禮物','杭州亞運／奪金日是教師節也是爸爸生日　李智凱：重要的禮物','https://cc.tvbs.com.tw/img/upload/2023/09/28/20230928170318-ecf8efec.jpg','2023-09-28 00:00:00.000000'),(122,'日本正妹遭同居男友狂毆20分鐘　全身瘀血慘死家中','日本正妹遭同居男友狂毆20分鐘　全身瘀血慘死家中','https://cc.tvbs.com.tw/img/upload/2023/09/28/20230928170431-8c856141.jpg','2023-09-28 00:00:00.000000'),(123,'裕隆城開幕湧人潮！連假交通受考驗　義交揭1問題嘆「無解」','裕隆城開幕湧人潮！連假交通受考驗　義交揭1問題嘆「無解」','https://cc.tvbs.com.tw/img/upload/2023/09/28/20230928170419-edcaffb6.jpg','2023-09-28 00:00:00.000000'),(124,'抓包公司送假月餅！她反映挨罵「隔天就被炒」：還嫌我多事','抓包公司送假月餅！她反映挨罵「隔天就被炒」：還嫌我多事','https://cc.tvbs.com.tw/img/upload/2023/09/28/20230928164132-35a96df1.jpg','2023-09-28 00:00:00.000000'),(125,'64歲男子流感合併呼吸窘迫轉重症　葉克膜搶救17天','64歲男子流感合併呼吸窘迫轉重症　葉克膜搶救17天','https://cc.tvbs.com.tw/img/upload/2023/09/28/20230928161703-56331f2a.jpg','2023-09-28 00:00:00.000000'),(126,'耍帥看這次！卦山法拍市集將登場　美式重機「打到骨折」','耍帥看這次！卦山法拍市集將登場　美式重機「打到骨折」','https://cc.tvbs.com.tw/img/upload/2023/09/28/20230928164209-c336cc0a.jpg','2023-09-28 00:00:00.000000'),(127,'TVBS跨界合作首推「AI明星虛擬人」　7巨星貼身陪過每一天','TVBS跨界合作首推「AI明星虛擬人」　7巨星貼身陪過每一天','https://cc.tvbs.com.tw/img/upload/2023/09/28/20230928164354-9a007de4.jpg','2023-09-28 00:00:00.000000'),(128,'美軍火商大樂　東歐兩國合計砸4千億買F-35戰機','美軍火商大樂　東歐兩國合計砸4千億買F-35戰機','https://cc.tvbs.com.tw/img/upload/2023/09/28/20230928163613-16829351.jpg','2023-09-28 00:00:00.000000'),(129,'部落「神話與傳說」 花東縱管處邀國際遊客體驗','部落「神話與傳說」 花東縱管處邀國際遊客體驗','https://cc.tvbs.com.tw/img/upload/2023/09/28/20230928112554-899aa90b.jpg','2023-09-28 00:00:00.000000'),(130,'澳洲團隊打造大型樂園　「AI靈感大神」下凡解惑','澳洲團隊打造大型樂園　「AI靈感大神」下凡解惑','https://cc.tvbs.com.tw/img/upload/2023/09/28/20230928161319-6cfa7a4c.jpg','2023-09-28 00:00:00.000000'),(131,'有片／雞蛋變皮蛋？北市男買到發臭黑壞蛋　不怕被告點名陳建仁','有片／雞蛋變皮蛋？北市男買到發臭黑壞蛋　不怕被告點名陳建仁','https://cc.tvbs.com.tw/img/upload/2023/09/28/20230928163556-34058c8f.jpg','2023-09-28 00:00:00.000000'),(132,'遭提分手崩潰自宮！俄女友嚇瘋急逃　他秒追出門「整路滴血」','遭提分手崩潰自宮！俄女友嚇瘋急逃　他秒追出門「整路滴血」','https://cc.tvbs.com.tw/img/upload/2023/09/28/20230928163021-c7cf2a34.jpg','2023-09-28 00:00:00.000000'),(133,'10月大男嬰感染腸病毒死亡　雲林幼稚園推廣正確洗手','10月大男嬰感染腸病毒死亡　雲林幼稚園推廣正確洗手','https://cc.tvbs.com.tw/img/upload/2023/09/28/20230928160950-fd5eaca3.jpg','2023-09-28 00:00:00.000000'),(134,'政府發現金！　新加坡宣布撥款11億星幣助民眾抗通膨','政府發現金！　新加坡宣布撥款11億星幣助民眾抗通膨','https://cc.tvbs.com.tw/img/upload/2023/09/28/20230928163539-01097c4d.jpg','2023-09-28 00:00:00.000000'),(135,'陳美鳳哭了！父生前重病悲吐「照顧疏失」　自責喊：真是粗心','陳美鳳哭了！父生前重病悲吐「照顧疏失」　自責喊：真是粗心','https://cc.tvbs.com.tw/img/upload/2023/09/28/20230928163441-fff0f87b.jpg','2023-09-28 00:00:00.000000'),(136,'杭州亞運／感動！鞍馬王子李智凱奪金　體操2連霸完美落地','杭州亞運／感動！鞍馬王子李智凱奪金　體操2連霸完美落地','https://cc.tvbs.com.tw/img/upload/2023/09/28/20230928162329-961e72e2.jpg','2023-09-28 00:00:00.000000'),(137,'白沙屯拱天宮160週年　賴侯柯郭4總統參選人可望同台','白沙屯拱天宮160週年　賴侯柯郭4總統參選人可望同台','https://cc.tvbs.com.tw/img/upload/2023/09/28/20230928155114-0b25591c.jpg','2023-09-28 00:00:00.000000'),(138,'有夠糗！新北男偷香油錢「遭反鎖廟內」　見警求饒：放我出去','有夠糗！新北男偷香油錢「遭反鎖廟內」　見警求饒：放我出去','https://cc.tvbs.com.tw/img/upload/2023/09/28/20230928163139-0493359d.jpg','2023-09-28 00:00:00.000000'),(139,'486先生退休倒數　曬半年7位數投資利息羨煞眾人','486先生退休倒數　曬半年7位數投資利息羨煞眾人','https://cc.tvbs.com.tw/img/upload/2022/06/15/20220615183100-5234c965.jpg','2023-09-28 00:00:00.000000'),(140,'杭州亞運／跆拳道李孟恩不敵伊朗選手　銅牌作收','杭州亞運／跆拳道李孟恩不敵伊朗選手　銅牌作收','https://cc.tvbs.com.tw/img/upload/2023/09/28/20230928163150-97a6cc19.jpg','2023-09-28 00:00:00.000000'),(141,'美國網紅錄限動搶劫！「百人犯案」影片曝　遭逮捕還開直播叫囂','美國網紅錄限動搶劫！「百人犯案」影片曝　遭逮捕還開直播叫囂','https://cc.tvbs.com.tw/img/upload/2023/09/28/20230928160233-aa3f90d3.jpg','2023-09-28 00:00:00.000000'),(142,'馬公第一漁港休閒專區BOT案簽約　帶動觀光產業發展','馬公第一漁港休閒專區BOT案簽約　帶動觀光產業發展','https://cc.tvbs.com.tw/img/upload/2023/09/28/20230928163354-409ffd0e.jpg','2023-09-28 00:00:00.000000'),(143,'上膛手槍竟亂丟沙發！3歲女童把玩「自轟爆血」畫面曝','上膛手槍竟亂丟沙發！3歲女童把玩「自轟爆血」畫面曝','https://cc.tvbs.com.tw/img/upload/2023/09/28/20230928162113-f9d25a84.jpg','2023-09-28 00:00:00.000000'),(144,'他奪金曲「赴霞海城隍廟還願」　唐美雲、人間國寶都來了','他奪金曲「赴霞海城隍廟還願」　唐美雲、人間國寶都來了','https://cc.tvbs.com.tw/img/upload/2023/09/28/20230928162315-dfa6816d.jpg','2023-09-28 00:00:00.000000'),(145,'「麵屋一燈」盛裝飲用水出包！複查檢出大腸桿菌遭罰','「麵屋一燈」盛裝飲用水出包！複查檢出大腸桿菌遭罰','https://cc.tvbs.com.tw/img/upload/2023/09/28/20230928161413-ee55686c.jpg','2023-09-28 00:00:00.000000'),(146,'剛牽新車！妹子秒連環撞「1次買3台」　跪地暴哭全場看傻','剛牽新車！妹子秒連環撞「1次買3台」　跪地暴哭全場看傻','https://cc.tvbs.com.tw/img/upload/2023/09/28/20230928161946-89e3a146.jpg','2023-09-28 00:00:00.000000'),(147,'詐團轉韓？　濟州領事館通報有大陸公民被騙','詐團轉韓？　濟州領事館通報有大陸公民被騙','https://cc.tvbs.com.tw/img/upload/2023/09/28/20230928163118-d8aad9b5.jpg','2023-09-28 00:00:00.000000'),(148,'「誠品新店」開幕　董事長吳旻潔：全年業績挑戰50億元','「誠品新店」開幕　董事長吳旻潔：全年業績挑戰50億元','https://cc.tvbs.com.tw/img/upload/2023/09/28/20230928154200-3de59725.jpg','2023-09-28 00:00:00.000000'),(149,'500盤全台313間得獎餐廳出爐　晶華軒奪11盤居冠','500盤全台313間得獎餐廳出爐　晶華軒奪11盤居冠','https://cc.tvbs.com.tw/img/upload/2023/09/28/20230928162342-78bd218b.jpg','2023-09-28 00:00:00.000000'),(150,'拜登、川普先後赴密州挺車廠罷工　保藍領票倉','拜登、川普先後赴密州挺車廠罷工　保藍領票倉','https://cc.tvbs.com.tw/img/upload/2023/09/28/20230928162857-8a38d6c9.jpg','2023-09-28 00:00:00.000000'),(151,'吳釗燮贈勳澳洲國會友台小組主席　表彰促進台澳關係','吳釗燮贈勳澳洲國會友台小組主席　表彰促進台澳關係','https://cc.tvbs.com.tw/img/upload/2023/09/28/20230928160705-618e3dae.jpg','2023-09-28 00:00:00.000000'),(152,'愛犬又咬人！至少已犯11起　拜登：白宮環境壓力山大','愛犬又咬人！至少已犯11起　拜登：白宮環境壓力山大','https://cc.tvbs.com.tw/img/upload/2023/09/28/20230928162319-cee50397.jpg','2023-09-28 00:00:00.000000'),(153,'日本擬10/5排放第2波核廢水　已逾7800噸入海','日本擬10/5排放第2波核廢水　已逾7800噸入海','https://cc.tvbs.com.tw/img/upload/2023/08/30/20230830103934-65581c28.jpg','2023-09-28 00:00:00.000000'),(154,'美汽車工會獲拜登撐腰 稱若無進展新廠區加入行動','美汽車工會獲拜登撐腰 稱若無進展新廠區加入行動','https://cc.tvbs.com.tw/img/upload/2023/09/28/20230928154639-68ec3674.jpg','2023-09-28 00:00:00.000000'),(155,'強化核武政策入憲 金正恩稱美日韓合作造成威脅','強化核武政策入憲 金正恩稱美日韓合作造成威脅','https://cc.tvbs.com.tw/img/upload/2023/09/28/20230928161107-0da4720d.jpg','2023-09-28 00:00:00.000000'),(156,'升息衝擊+中經濟放緩 全球股市跌破百兆大關','升息衝擊+中經濟放緩 全球股市跌破百兆大關','https://cc.tvbs.com.tw/img/upload/2023/09/28/20230928161240-945f3f2a.jpg','2023-09-28 00:00:00.000000'),(157,'不甩西方疑慮 伊朗稱成功發射軍用成像衛星','不甩西方疑慮 伊朗稱成功發射軍用成像衛星','https://cc.tvbs.com.tw/img/upload/2023/09/28/20230928161352-b0c93afd.jpg','2023-09-28 00:00:00.000000'),(158,'捷克買24架美F-35戰鬥機 加強與北約盟國關係','捷克買24架美F-35戰鬥機 加強與北約盟國關係','https://cc.tvbs.com.tw/img/upload/2023/09/28/20230928161508-0697186b.jpg','2023-09-28 00:00:00.000000'),(159,'美以關係升溫 美國允許以色列加入免簽證計劃','美以關係升溫 美國允許以色列加入免簽證計劃','https://cc.tvbs.com.tw/img/upload/2023/09/28/20230928161616-eab327b5.jpg','2023-09-28 00:00:00.000000'),(160,'MLB／割喉戰打出火氣！太空人後援飆K後叫囂　水手少主回嗆板凳清空','MLB／割喉戰打出火氣！太空人後援飆K後叫囂　水手少主回嗆板凳清空','https://cc.tvbs.com.tw/img/upload/2023/09/28/20230928160738-0534b5d4.jpg','2023-09-28 00:00:00.000000'),(161,'快訊／女子疑走進台鐵七堵隧道內遭撞　肢體扭曲變形慘死','快訊／女子疑走進台鐵七堵隧道內遭撞　肢體扭曲變形慘死','https://cc.tvbs.com.tw/img/upload/2023/09/28/20230928160548-4a918f64.jpg','2023-09-28 00:00:00.000000'),(162,'大巨蛋最後測試仍未過! 77處不符合標準 下周補考拚過關','大巨蛋最後測試仍未過! 77處不符合標準 下周補考拚過關','https://cc.tvbs.com.tw/img/_data/i/upload/2023/09/28/20230928160506-f552e500-sm.jpg','2023-09-28 00:00:00.000000'),(163,'大巨蛋消防測試未過關！　北市：檢查到全過才發使照','大巨蛋消防測試未過關！　北市：檢查到全過才發使照','https://cc.tvbs.com.tw/img/upload/2023/09/28/20230928155745-f378f379.jpg','2023-09-28 00:00:00.000000'),(164,'快訊／國家警報響！台南雨勢升級「豪雨」　還有5地大雨襲','快訊／國家警報響！台南雨勢升級「豪雨」　還有5地大雨襲','https://cc.tvbs.com.tw/img/upload/2023/09/28/20230928151901-d3e3826c.jpg','2023-09-28 00:00:00.000000'),(165,'組頭開亞運男籃賭盤賠率破0.9　住處堆92萬現金全要拿去賠','組頭開亞運男籃賭盤賠率破0.9　住處堆92萬現金全要拿去賠','https://cc.tvbs.com.tw/img/upload/2023/09/28/20230928154806-64eaf2d2.jpg','2023-09-28 00:00:00.000000'),(166,'Ozone煥鈞長髮被「她」一刀剪掉　悲壯心聲全說了','Ozone煥鈞長髮被「她」一刀剪掉　悲壯心聲全說了','https://cc.tvbs.com.tw/img/upload/2023/09/28/20230928155144-274947df.jpg','2023-09-28 00:00:00.000000'),(167,'命案回顧／台中驚見腐爛懷孕女屍　一屍兩命扯出職場戀','命案回顧／台中驚見腐爛懷孕女屍　一屍兩命扯出職場戀','https://cc.tvbs.com.tw/img/upload/2023/09/28/20230928155730-835c7576.jpg','2023-09-28 00:00:00.000000'),(168,'NBA／鳳還巢返76人？哈勒戴恐再被交易　或將牽動「哈登人生」','NBA／鳳還巢返76人？哈勒戴恐再被交易　或將牽動「哈登人生」','https://cc.tvbs.com.tw/img/upload/2023/09/28/20230928152752-875ad37a.jpg','2023-09-28 00:00:00.000000'),(169,'遭父母討孝親費「6千」！他不爽被情勒嘆：沒住家裡沒義務','遭父母討孝親費「6千」！他不爽被情勒嘆：沒住家裡沒義務','https://cc.tvbs.com.tw/img/upload/2023/08/31/20230831075301-26bd994a.jpg','2023-09-28 00:00:00.000000'),(170,'iPhone數字魔咒！都市傳說「買單不買雙」翻車　一票果粉狂推它','iPhone數字魔咒！都市傳說「買單不買雙」翻車　一票果粉狂推它','https://cc.tvbs.com.tw/img/upload/2023/09/15/20230915192047-10cb386d.jpg','2023-09-28 00:00:00.000000'),(171,'這麼缺兵？俄邀女生上軍訓課　白俄女模組「正妹軍團」戰訓','這麼缺兵？俄邀女生上軍訓課　白俄女模組「正妹軍團」戰訓','https://cc.tvbs.com.tw/img/upload/2023/09/28/20230928153202-45ef4a3c.jpg','2023-09-28 00:00:00.000000'),(172,'不愛被Joeman叫乾媽！吳淡如自認吃虧　一見「交大同學」遭打臉','不愛被Joeman叫乾媽！吳淡如自認吃虧　一見「交大同學」遭打臉','https://cc.tvbs.com.tw/img/upload/2023/05/04/20230504135301-956cdd1e.jpg','2023-09-28 00:00:00.000000'),(173,'遭北韓驅逐出境！叛逃美軍被釋放遣送北京','遭北韓驅逐出境！叛逃美軍被釋放遣送北京','https://cc.tvbs.com.tw/img/upload/2023/09/28/20230928153906-71442415.jpg','2023-09-28 00:00:00.000000'),(174,'核戰一觸即發？金正恩將核武憲法化','核戰一觸即發？金正恩將核武憲法化','https://cc.tvbs.com.tw/img/upload/2023/09/28/20230928154212-cbf49902.jpg','2023-09-28 00:00:00.000000'),(175,'胸大容易得乳癌？醫揭5大常見迷思　 「1類人」罹癌機率高','胸大容易得乳癌？醫揭5大常見迷思　 「1類人」罹癌機率高','https://cc.tvbs.com.tw/img/upload/2023/09/28/20230928152930-c745c032.jpg','2023-09-28 00:00:00.000000'),(176,'杭州亞運／英雄聯盟中華隊直落2勝越南！明與南韓搶金牌','杭州亞運／英雄聯盟中華隊直落2勝越南！明與南韓搶金牌','https://cc.tvbs.com.tw/img/_data/i/upload/2023/09/28/20230928153334-a75a34cb-me.jpg','2023-09-28 00:00:00.000000'),(177,'首爾市中心有地下秘境 隱藏40年首度公開','首爾市中心有地下秘境 隱藏40年首度公開','https://cc.tvbs.com.tw/img/upload/2023/09/28/20230928153438-5c2c2e1b.jpg','2023-09-28 00:00:00.000000'),(178,'北京趁亞運大外宣 軟實力之父：受政治影響成效有限','北京趁亞運大外宣 軟實力之父：受政治影響成效有限','https://cc.tvbs.com.tw/img/upload/2023/09/28/20230928153704-a3a147c5.jpg','2023-09-28 00:00:00.000000'),(179,'噁！英海灘驚現詭異白黃「脂肪塊」　專家警告別做這1事','噁！英海灘驚現詭異白黃「脂肪塊」　專家警告別做這1事','https://cc.tvbs.com.tw/img/upload/2023/09/28/20230928152928-233ab8fb.jpg','2023-09-28 00:00:00.000000'),(180,'日本水產8月對中出口額掉75%　疑受中國禁令影響','日本水產8月對中出口額掉75%　疑受中國禁令影響','https://cc.tvbs.com.tw/img/upload/2023/09/28/20230928153012-d878b17b.jpg','2023-09-28 00:00:00.000000'),(181,'烏克蘭軍方：俄大規模無人機攻擊　30多架被擊落','烏克蘭軍方：俄大規模無人機攻擊　30多架被擊落','https://cc.tvbs.com.tw/img/upload/2023/09/28/20230928152751-34a50354.jpg','2023-09-28 00:00:00.000000'),(182,'51歲張惠妹「驚爆婚訊」？準婆婆猛催婚　遭爆：想抱孫了','51歲張惠妹「驚爆婚訊」？準婆婆猛催婚　遭爆：想抱孫了','https://cc.tvbs.com.tw/img/upload/2023/09/28/20230928151921-1d02f430.jpg','2023-09-28 00:00:00.000000'),(183,'調查局選前第二波掃蕩　18案查獲地下通匯93億元','調查局選前第二波掃蕩　18案查獲地下通匯93億元','https://cc.tvbs.com.tw/img/upload/2023/09/28/20230928152430-b9c83887.jpg','2023-09-28 00:00:00.000000'),(184,'劉德華出道41年吐「委屈心聲」　透露想做1事：沒導演願意','劉德華出道41年吐「委屈心聲」　透露想做1事：沒導演願意','https://cc.tvbs.com.tw/img/upload/2023/05/15/20230515124332-846a813b.jpg','2023-09-28 00:00:00.000000'),(185,'現代、起亞汽車有起火風險　在美召修逾330萬輛車','現代、起亞汽車有起火風險　在美召修逾330萬輛車','https://cc.tvbs.com.tw/img/upload/2022/08/23/20220823151529-c3622fc3.jpg','2023-09-28 00:00:00.000000'),(186,'百貨週年慶「沒人討論了」？　內行揭殘酷真相：盤子去的','百貨週年慶「沒人討論了」？　內行揭殘酷真相：盤子去的','https://cc.tvbs.com.tw/img/upload/2022/11/13/20221113120357-a2668490.jpg','2023-09-28 00:00:00.000000'),(187,'杭州亞運／50公尺自由式超激烈　中港美女選手對決爭金','杭州亞運／50公尺自由式超激烈　中港美女選手對決爭金','https://cc.tvbs.com.tw/img/upload/2023/09/28/20230928150734-bbe04dbf.jpg','2023-09-28 00:00:00.000000'),(188,'明揚爆炸今頭七續搜索！董事長現身殯儀館：交保金尊重檢方','明揚爆炸今頭七續搜索！董事長現身殯儀館：交保金尊重檢方','https://cc.tvbs.com.tw/img/upload/2023/09/28/20230928150618-7a6499ba.jpg','2023-09-28 00:00:00.000000'),(189,'違停遭盤查！廂型車塞滿8泰籍移工　被逮嘆：不用再提心吊膽','違停遭盤查！廂型車塞滿8泰籍移工　被逮嘆：不用再提心吊膽','https://cc.tvbs.com.tw/img/upload/2023/09/28/20230928145847-d53bdee8.jpg','2023-09-28 00:00:00.000000'),(190,'「慶記之都」是台中恥辱！盧秀燕歡慶擺脫臭名　將送總統級大禮','「慶記之都」是台中恥辱！盧秀燕歡慶擺脫臭名　將送總統級大禮','https://cc.tvbs.com.tw/img/upload/2023/09/28/20230928145641-cb915748.jpg','2023-09-28 00:00:00.000000'),(191,'孫協志喜收女友入圍祝福！鬆口「婚事進度」　羞爆全說了','孫協志喜收女友入圍祝福！鬆口「婚事進度」　羞爆全說了','https://cc.tvbs.com.tw/img/upload/2023/09/28/20230928144339-2bd02e2b.jpg','2023-09-28 00:00:00.000000'),(192,'抵制抵假的？連假北京飛東京航班爆滿　陸客曝心聲：想吃壽司','抵制抵假的？連假北京飛東京航班爆滿　陸客曝心聲：想吃壽司','https://cc.tvbs.com.tw/img/upload/2023/09/13/20230913110107-4aac71a0.jpg','2023-09-28 00:00:00.000000'),(193,'「不要跟孕婦同一組」　林靜儀轟柯文哲：厭女DNA充分發揮','「不要跟孕婦同一組」　林靜儀轟柯文哲：厭女DNA充分發揮','https://cc.tvbs.com.tw/img/upload/2023/06/04/20230604165204-b23b9477.jpg','2023-09-28 00:00:00.000000'),(194,'春風不藏私！傳授周董師弟把妹秘訣　超實際1招公開了','春風不藏私！傳授周董師弟把妹秘訣　超實際1招公開了','https://cc.tvbs.com.tw/img/upload/2023/09/28/20230928144903-c976b328.jpg','2023-09-28 00:00:00.000000'),(195,'只有夜班加薪日班呢？護理專業綠委點出2大問題','只有夜班加薪日班呢？護理專業綠委點出2大問題','https://cc.tvbs.com.tw/img/_data/i/upload/2023/04/13/20230413085743-fab65fd0-me.jpg','2023-09-28 00:00:00.000000'),(196,'劉冠廷雙喜臨門！剛求婚成功「新作進軍國際」　合作日本人氣女星','劉冠廷雙喜臨門！剛求婚成功「新作進軍國際」　合作日本人氣女星','https://cc.tvbs.com.tw/img/upload/2023/09/28/20230928144917-daf5df1b.jpg','2023-09-28 00:00:00.000000'),(197,'「別夢侯柯配了、是假議題」　苦苓提3點分析合作可能性','「別夢侯柯配了、是假議題」　苦苓提3點分析合作可能性','https://cc.tvbs.com.tw/img/upload/2023/09/28/20230928123703-e0a69faf.jpg','2023-09-28 00:00:00.000000'),(198,'杭州亞運／驚！中華隊溜冰選手訓練受傷　無名指指節斷裂','杭州亞運／驚！中華隊溜冰選手訓練受傷　無名指指節斷裂','https://cc.tvbs.com.tw/img/upload/2023/09/28/20230928143950-082da73f.jpg','2023-09-28 00:00:00.000000'),(199,'柴犬魅力在哪？一條路就有3隻　誠實原因曝：超機車也愛','柴犬魅力在哪？一條路就有3隻　誠實原因曝：超機車也愛','https://cc.tvbs.com.tw/img/upload/2023/05/07/20230507154427-23bda719.jpg','2023-09-28 00:00:00.000000'),(200,'命運弄人！高雄單親少女罹癌又車禍　警募50萬助渡難關','命運弄人！高雄單親少女罹癌又車禍　警募50萬助渡難關','https://cc.tvbs.com.tw/img/upload/2023/09/28/20230928143159-f010beae.jpg','2023-09-28 00:00:00.000000'),(201,'孫藝真「跟玄彬二胎計畫」全說了！　親吐兒子長得像誰：很神奇','孫藝真「跟玄彬二胎計畫」全說了！　親吐兒子長得像誰：很神奇','https://cc.tvbs.com.tw/img/upload/2023/09/28/20230928143700-ab6ea599.jpg','2023-09-28 00:00:00.000000'),(202,'重大里程碑！首艘國造潛艦「海鯤」正式命名下水　自製率達40%','重大里程碑！首艘國造潛艦「海鯤」正式命名下水　自製率達40%','https://cc.tvbs.com.tw/img/upload/2023/09/28/20230928132430-56e1049d.jpg','2023-09-28 00:00:00.000000'),(203,'撞我肩膀？條通酒吧3打1　朋友出拳助陣','撞我肩膀？條通酒吧3打1　朋友出拳助陣','https://cc.tvbs.com.tw/img/upload/2023/09/28/20230928123511-9b164346.jpg','2023-09-28 00:00:00.000000'),(204,'明揚爆炸！　董座劉安晧600萬、總經理呂英誠500萬交保','明揚爆炸！　董座劉安晧600萬、總經理呂英誠500萬交保','https://cc.tvbs.com.tw/img/upload/2023/09/28/20230928123115-706120dd.jpg','2023-09-28 00:00:00.000000'),(205,'懷疑前鄰居是「小王」　騎士拿安全帽猛K','懷疑前鄰居是「小王」　騎士拿安全帽猛K','https://cc.tvbs.com.tw/img/upload/2023/09/28/20230928123433-1e7ed4d9.jpg','2023-09-28 00:00:00.000000'),(206,'建議分手！副駕女被駕駛「推下車」　摔出車外','建議分手！副駕女被駕駛「推下車」　摔出車外','https://cc.tvbs.com.tw/img/upload/2023/09/28/20230928122813-52245201.jpg','2023-09-28 00:00:00.000000'),(207,'政院代表快閃　消防員哭倒怒吼：我不想死','政院代表快閃　消防員哭倒怒吼：我不想死','https://cc.tvbs.com.tw/img/upload/2023/09/28/20230928123359-4659c3e1.jpg','2023-09-28 00:00:00.000000'),(208,'停車繳費單「回到過去」　車主無故多繳百元','停車繳費單「回到過去」　車主無故多繳百元','https://cc.tvbs.com.tw/img/upload/2023/09/28/20230928123233-03f1d2d5.jpg','2023-09-28 00:00:00.000000'),(209,'裕隆城開幕人多停車長龍　民眾：乾脆停別處','裕隆城開幕人多停車長龍　民眾：乾脆停別處','https://cc.tvbs.com.tw/img/upload/2023/09/28/20230928132353-2fb84663.jpg','2023-09-28 00:00:00.000000'),(210,'北韓驅逐叛逃美大兵　人毫髮無傷跌破專家眼鏡','北韓驅逐叛逃美大兵　人毫髮無傷跌破專家眼鏡','https://cc.tvbs.com.tw/img/upload/2023/09/28/20230928135511-b30bd576.jpg','2023-09-28 00:00:00.000000'),(211,'賴才喊話護理人員加薪　政院拍板明年發','賴才喊話護理人員加薪　政院拍板明年發','https://cc.tvbs.com.tw/img/upload/2023/09/28/20230928133130-3b5f339a.jpg','2023-09-28 00:00:00.000000'),(212,'納卡5萬人逃往亞美尼亞　美譏俄羅斯無力維和','納卡5萬人逃往亞美尼亞　美譏俄羅斯無力維和','https://cc.tvbs.com.tw/img/upload/2023/09/28/20230928134608-1d00b25e.jpg','2023-09-28 00:00:00.000000'),(213,'日本交換生酒駕　併排聊天還逆向警察來了','日本交換生酒駕　併排聊天還逆向警察來了','https://cc.tvbs.com.tw/img/upload/2023/09/28/20230928122927-29f2eb3e.jpg','2023-09-28 00:00:00.000000'),(214,'搶佔版圖！Meta推「生成式AI」　打造聊天機器人','搶佔版圖！Meta推「生成式AI」　打造聊天機器人','https://cc.tvbs.com.tw/img/upload/2023/09/28/20230928134022-950db082.jpg','2023-09-28 00:00:00.000000'),(215,'你吃了什麼？1歲童誤吞鈕扣電池　食道穿孔','你吃了什麼？1歲童誤吞鈕扣電池　食道穿孔','https://cc.tvbs.com.tw/img/upload/2023/09/28/20230928123452-dad6fe8a.jpg','2023-09-28 00:00:00.000000'),(216,'又有官網遭駭！會員突收示警簡訊「個資恐外流用於詐騙」','又有官網遭駭！會員突收示警簡訊「個資恐外流用於詐騙」','https://cc.tvbs.com.tw/img/upload/2023/09/28/20230928132133-0fbbc4c6.jpg','2023-09-28 00:00:00.000000'),(217,'美式賣場再出包　水梨「底部爛」、烤雞腿「沒骨」','美式賣場再出包　水梨「底部爛」、烤雞腿「沒骨」','https://cc.tvbs.com.tw/img/upload/2023/09/28/20230928124634-f6fa2175.jpg','2023-09-28 00:00:00.000000'),(218,'輪胎行縱火釀8家人死　逆子一審被判死刑','輪胎行縱火釀8家人死　逆子一審被判死刑','https://cc.tvbs.com.tw/img/upload/2023/09/28/20230928124556-8784f163.jpg','2023-09-28 00:00:00.000000'),(219,'天菜男星是泳將！闖杭州亞運「進決賽」　起底戰績竟超驚人','天菜男星是泳將！闖杭州亞運「進決賽」　起底戰績竟超驚人','https://cc.tvbs.com.tw/img/upload/2023/09/28/20230928134333-59eea4b4.jpg','2023-09-28 00:00:00.000000'),(220,'眼皮狂跳好或壞？吉凶時辰一次看　這時跳「發票爽中獎」','眼皮狂跳好或壞？吉凶時辰一次看　這時跳「發票爽中獎」','https://cc.tvbs.com.tw/img/upload/2022/02/04/20220204223115-daed1a03.jpg','2023-09-28 00:00:00.000000'),(221,'杭州亞運／詹家姐妹晉級！網球女雙決賽中華隊內戰　確定金包銀','杭州亞運／詹家姐妹晉級！網球女雙決賽中華隊內戰　確定金包銀','https://cc.tvbs.com.tw/img/upload/2023/09/28/20230928142902-c154c20d.jpg','2023-09-28 00:00:00.000000'),(222,'暴雨猛炸越南中部釀洪災　漁民出海遇雷暴被劈死','暴雨猛炸越南中部釀洪災　漁民出海遇雷暴被劈死','https://cc.tvbs.com.tw/img/upload/2023/09/28/20230928142730-f5579f8d.jpg','2023-09-28 00:00:00.000000'),(223,'甩抄襲疑雲！熱狗躺棺材獻自信之作　突收紅包原因曝光了','甩抄襲疑雲！熱狗躺棺材獻自信之作　突收紅包原因曝光了','https://cc.tvbs.com.tw/img/upload/2023/09/28/20230928141746-70ad50eb.jpg','2023-09-28 00:00:00.000000'),(224,'LINE將改名「LY」！官方帳號1變化　對使用者影響範圍曝','LINE將改名「LY」！官方帳號1變化　對使用者影響範圍曝','https://cc.tvbs.com.tw/img/upload/2023/09/12/20230912212329-50532736.jpg','2023-09-28 00:00:00.000000'),(225,'震驚全英！15歲女幫朋友擋恐怖情人　上學途中遭「長刀刺脖」慘死','震驚全英！15歲女幫朋友擋恐怖情人　上學途中遭「長刀刺脖」慘死','https://cc.tvbs.com.tw/img/upload/2023/09/28/20230928141524-bddc7923.jpg','2023-09-28 00:00:00.000000'),(226,'「去死吧！」民調比侯高還要當副手　他爆柯郭配互補勝算大','「去死吧！」民調比侯高還要當副手　他爆柯郭配互補勝算大','https://cc.tvbs.com.tw/img/upload/2023/09/28/20230928140859-139c63e4.jpg','2023-09-28 00:00:00.000000'),(227,'柯文哲拋教育政見　民進黨酸：北市教育都處理不好還論國政','柯文哲拋教育政見　民進黨酸：北市教育都處理不好還論國政','https://cc.tvbs.com.tw/img/upload/2023/09/21/20230921135915-167e3479.jpg','2023-09-28 00:00:00.000000'),(228,'法國禁奧運賽場「戴頭巾」！聯合國官員批：違反國際人權','法國禁奧運賽場「戴頭巾」！聯合國官員批：違反國際人權','https://cc.tvbs.com.tw/img/upload/2023/09/28/20230928141232-1c442171.jpg','2023-09-28 00:00:00.000000'),(229,'賴辦轟柯文哲歧視！柯營嗆抓錯重點：賴政策經常何不食肉糜','賴辦轟柯文哲歧視！柯營嗆抓錯重點：賴政策經常何不食肉糜','https://cc.tvbs.com.tw/img/upload/2023/09/28/20230928141405-e0d05a28.jpg','2023-09-28 00:00:00.000000'),(230,'吃不懂「小珍珠」！內行曝驚人感受　波霸派嗆：根本邪教','吃不懂「小珍珠」！內行曝驚人感受　波霸派嗆：根本邪教','https://cc.tvbs.com.tw/img/upload/2021/11/07/20211107195923-425d05d0.jpg','2023-09-28 00:00:00.000000'),(231,'杭州亞運／網球男雙　許育修、莊吉生逆轉勝進金牌戰','杭州亞運／網球男雙　許育修、莊吉生逆轉勝進金牌戰','https://cc.tvbs.com.tw/img/upload/2023/09/28/20230928141133-7f595bad.jpg','2023-09-28 00:00:00.000000'),(232,'杭州亞運／許皓鋐扳倒世界棋王  下午與陸名將爭金牌','杭州亞運／許皓鋐扳倒世界棋王  下午與陸名將爭金牌','https://cc.tvbs.com.tw/img/upload/2023/09/28/20230928140142-062c1b6e.jpg','2023-09-28 00:00:00.000000'),(233,'傳柯文哲不滿藍白合條件飆罵「去死吧」　侯友宜回應了','傳柯文哲不滿藍白合條件飆罵「去死吧」　侯友宜回應了','https://cc.tvbs.com.tw/img/upload/2023/09/22/20230922200954-dedce8ca.jpg','2023-09-28 00:00:00.000000'),(234,'駕照要重考？賓士男欲進駕訓班　不顧外側機車硬轉撞傷騎士','駕照要重考？賓士男欲進駕訓班　不顧外側機車硬轉撞傷騎士','https://cc.tvbs.com.tw/img/upload/2023/09/28/20230928135835-ecfe629a.jpg','2023-09-28 00:00:00.000000'),(235,'快訊／新北老屋整修意外！水泥屋簷整片崩落　工人遭壓一度受困','快訊／新北老屋整修意外！水泥屋簷整片崩落　工人遭壓一度受困','https://cc.tvbs.com.tw/img/upload/2023/09/28/20230928135647-fbb96690.jpg','2023-09-28 00:00:00.000000'),(236,'中秋建議別賞月！4生肖「極陰日易沖煞」中了直接衰整年','中秋建議別賞月！4生肖「極陰日易沖煞」中了直接衰整年','https://cc.tvbs.com.tw/img/upload/2023/09/25/20230925093202-2a19eceb.jpg','2023-09-28 00:00:00.000000'),(237,'中秋節由來、禁忌一次看！烤肉「地點也要慎選」　體虛者別在外逗留','中秋節由來、禁忌一次看！烤肉「地點也要慎選」　體虛者別在外逗留','https://cc.tvbs.com.tw/img/upload/2023/09/11/20230911124439-3121639f.jpg','2023-09-28 00:00:00.000000'),(238,'美重量級議員被控收賄、勒索　辭外委會主席由黨內同僚接任','美重量級議員被控收賄、勒索　辭外委會主席由黨內同僚接任','https://cc.tvbs.com.tw/img/upload/2023/09/28/20230928135255-30beff4b.jpg','2023-09-28 00:00:00.000000'),(239,'中秋連假去哪玩？全台樂園優惠一次看　連12天免費入園就在這','中秋連假去哪玩？全台樂園優惠一次看　連12天免費入園就在這','https://cc.tvbs.com.tw/img/upload/2023/09/27/20230927151635-142d2318.jpg','2023-09-28 00:00:00.000000'),(240,'女星拍戲「頭髮捲進繩索扣」！大6歲男神英雄救美：頭皮險不保','女星拍戲「頭髮捲進繩索扣」！大6歲男神英雄救美：頭皮險不保','https://cc.tvbs.com.tw/img/upload/2023/09/28/20230928133926-67d72480.jpg','2023-09-28 00:00:00.000000'),(241,'熊霓遭爆「被64歲胡瓜寵愛」掀地下戀情　隊友琳妲發聲揭內幕','熊霓遭爆「被64歲胡瓜寵愛」掀地下戀情　隊友琳妲發聲揭內幕','https://cc.tvbs.com.tw/img/upload/2023/09/28/20230928134229-126152ca.jpg','2023-09-28 00:00:00.000000'),(242,'少了梅西戰力大減　邁阿密國際美國公開盃決賽抱憾','少了梅西戰力大減　邁阿密國際美國公開盃決賽抱憾','https://cc.tvbs.com.tw/img/upload/2023/09/28/20230928135234-49fd30f5.jpg','2023-09-28 00:00:00.000000'),(243,'聲援高嘉瑜？柯文哲痛批「民進黨爛光」：林秉樞就是證明','聲援高嘉瑜？柯文哲痛批「民進黨爛光」：林秉樞就是證明','https://cc.tvbs.com.tw/img/upload/2023/09/28/20230928134507-1461942f.jpg','2023-09-28 00:00:00.000000'),(244,'MLB／40轟70盜達標！勇士阿庫尼亞創歷史「拔壘包慶祝」','MLB／40轟70盜達標！勇士阿庫尼亞創歷史「拔壘包慶祝」','https://cc.tvbs.com.tw/img/upload/2023/09/28/20230928134419-29db806e.jpg','2023-09-28 00:00:00.000000'),(245,'稱女友放屁「臭到有後遺症」　恐怖工程師亂剪髮、性侵、枕頭壓臉','稱女友放屁「臭到有後遺症」　恐怖工程師亂剪髮、性侵、枕頭壓臉','https://cc.tvbs.com.tw/img/upload/2023/09/28/20230928133411-2b34fee1.jpg','2023-09-28 00:00:00.000000'),(246,'有片／尷尬！拖車疑記錯限高　害近十億直升機撞橋損毀','有片／尷尬！拖車疑記錯限高　害近十億直升機撞橋損毀','https://cc.tvbs.com.tw/img/upload/2023/09/28/20230928133013-cffe8f40.jpg','2023-09-28 00:00:00.000000'),(247,'全球前百大「頂尖大學」曝！陸清華12名　香港5大學上榜','全球前百大「頂尖大學」曝！陸清華12名　香港5大學上榜','https://cc.tvbs.com.tw/img/upload/2023/09/28/20230928132448-888bb9e4.jpg','2023-09-28 00:00:00.000000'),(248,'遊樂園飛椅繩索斷裂！英文老師連人帶椅甩飛　頭破血流命危','遊樂園飛椅繩索斷裂！英文老師連人帶椅甩飛　頭破血流命危','https://cc.tvbs.com.tw/img/upload/2023/09/28/20230928131402-b2834318.jpg','2023-09-28 00:00:00.000000'),(249,'進口蛋價差去哪了？農業部澄清「非補助」：效益達60億','進口蛋價差去哪了？農業部澄清「非補助」：效益達60億','https://cc.tvbs.com.tw/img/upload/2023/09/05/20230905232614-07246240.jpg','2023-09-28 00:00:00.000000'),(250,'國造潛艦海鯤號爆缺2裝備急下水？　海軍曝「關鍵工序」駁斥','國造潛艦海鯤號爆缺2裝備急下水？　海軍曝「關鍵工序」駁斥','https://cc.tvbs.com.tw/img/upload/2023/09/28/20230928132454-ff0b5a8a.jpg','2023-09-28 00:00:00.000000'),(251,'別忽視！頸部長腫塊「恐罹6癌症」　醫授3招分辨惡性腫瘤','別忽視！頸部長腫塊「恐罹6癌症」　醫授3招分辨惡性腫瘤','https://cc.tvbs.com.tw/img/upload/2022/05/07/20220507222925-b8a565fc.jpg','2023-09-28 00:00:00.000000'),(252,'杭州亞運／南韓網球一哥彬彬有禮這次卻狂砸拍！　他還原真相','杭州亞運／南韓網球一哥彬彬有禮這次卻狂砸拍！　他還原真相','https://cc.tvbs.com.tw/img/upload/2023/09/28/20230928132038-c46fa0a1.jpg','2023-09-28 00:00:00.000000'),(253,'新民調「侯柯配」勝算較大？　柯文哲：投票出來就知道','新民調「侯柯配」勝算較大？　柯文哲：投票出來就知道','https://cc.tvbs.com.tw/img/upload/2023/09/28/20230928124909-d0662713.jpg','2023-09-28 00:00:00.000000'),(254,'新竹逆子潑油燒死8家人　大嫂母悲痛控：陳家沒賠償半毛','新竹逆子潑油燒死8家人　大嫂母悲痛控：陳家沒賠償半毛','https://cc.tvbs.com.tw/img/upload/2023/09/28/20230928130602-e2682591.jpg','2023-09-28 00:00:00.000000'),(255,'搶救護理師離職潮！衛福部發夜班獎勵　每班400到1000元','搶救護理師離職潮！衛福部發夜班獎勵　每班400到1000元','https://cc.tvbs.com.tw/img/upload/2023/09/26/20230926192457-966599d0.jpg','2023-09-28 00:00:00.000000'),(256,'杭州亞運天菜盤點　大陸游泳男神汪順「神似許光漢」','杭州亞運天菜盤點　大陸游泳男神汪順「神似許光漢」','https://cc.tvbs.com.tw/img/upload/2023/09/28/20230928131551-75516ee9.jpg','2023-09-28 00:00:00.000000'),(257,'中秋節烤肉夯　水產行龍蝦、草蝦特惠促銷','中秋節烤肉夯　水產行龍蝦、草蝦特惠促銷','https://cc.tvbs.com.tw/img/upload/2023/09/28/20230928131055-af745323.jpg','2023-09-28 00:00:00.000000'),(258,'啦啦隊女神升格人妻！情定「愛情長跑10年男友」　同框甜蜜照曝光','啦啦隊女神升格人妻！情定「愛情長跑10年男友」　同框甜蜜照曝光','https://cc.tvbs.com.tw/img/upload/2023/09/28/20230928131044-d304491c.jpg','2023-09-28 00:00:00.000000'),(259,'NHK放話開鍘了！紅白歌合戰恐不見傑尼斯藝人　吸血合約曝光','NHK放話開鍘了！紅白歌合戰恐不見傑尼斯藝人　吸血合約曝光','https://cc.tvbs.com.tw/img/upload/2023/09/28/20230928130733-b82a3734.jpg','2023-09-28 00:00:00.000000'),(260,'柯文哲端教育牛肉「13年一貫」　義務教育延至5歲','柯文哲端教育牛肉「13年一貫」　義務教育延至5歲','https://cc.tvbs.com.tw/img/upload/2023/09/28/20230928124909-d0662713.jpg','2023-09-28 00:00:00.000000'),(261,'太多病毒了！哥染流感「妹爆長水泡」　醫嘆：全班剩3童上課','太多病毒了！哥染流感「妹爆長水泡」　醫嘆：全班剩3童上課','https://cc.tvbs.com.tw/img/upload/2023/08/14/20230814074311-6b1d8ca1.jpg','2023-09-28 00:00:00.000000'),(262,'一打三疊羅漢　超高超長違規拖吊報廢車','一打三疊羅漢　超高超長違規拖吊報廢車','https://cc.tvbs.com.tw/img/upload/2023/09/28/20230928120826-d5fa1ef3.jpg','2023-09-28 00:00:00.000000'),(263,'瘋馬秀要來了！Lisa有望全裸辣舞　喜曬現場「根本脫衣舞廳」','瘋馬秀要來了！Lisa有望全裸辣舞　喜曬現場「根本脫衣舞廳」','https://cc.tvbs.com.tw/img/upload/2023/09/28/20230928125158-5e324e35.jpg','2023-09-28 00:00:00.000000'),(264,'進口蛋成本18元卻補32元？　農業部：澳洲空運','進口蛋成本18元卻補32元？　農業部：澳洲空運','https://cc.tvbs.com.tw/img/upload/2023/09/28/20230928124752-da5a7843.jpg','2023-09-28 00:00:00.000000'),(265,'防洗產地！　超市、超商茶葉蛋、溏心蛋「標產地」','防洗產地！　超市、超商茶葉蛋、溏心蛋「標產地」','https://cc.tvbs.com.tw/img/upload/2023/09/28/20230928124712-fbc3ac7f.jpg','2023-09-28 00:00:00.000000'),(266,'民調／藍白「侯柯配」衝上來！支持度破4成　差距輾壓賴蕭配','民調／藍白「侯柯配」衝上來！支持度破4成　差距輾壓賴蕭配','https://cc.tvbs.com.tw/img/upload/2023/09/28/20230928123703-e0a69faf.jpg','2023-09-28 00:00:00.000000'),(267,'傳柯文哲轟藍不讓就「去X吧」　朱立倫：國民黨不會放話','傳柯文哲轟藍不讓就「去X吧」　朱立倫：國民黨不會放話','https://cc.tvbs.com.tw/img/upload/2023/09/28/20230928124831-c06af522.jpg','2023-09-28 00:00:00.000000'),(268,'杭州亞運／網球捷報！李亞軒、梁恩碩女雙贏韓國　闖進金牌戰','杭州亞運／網球捷報！李亞軒、梁恩碩女雙贏韓國　闖進金牌戰','https://cc.tvbs.com.tw/img/upload/2023/09/28/20230928141518-137eb841.jpg','2023-09-28 00:00:00.000000'),(269,'見不到高嘉瑜生氣　男「關東煮醬」抹看板','見不到高嘉瑜生氣　男「關東煮醬」抹看板','https://cc.tvbs.com.tw/img/upload/2023/09/28/20230928123316-996f0434.jpg','2023-09-28 00:00:00.000000'),(270,'明揚頭七！工廠前仁波切祈福法會　搜救行動持續','明揚頭七！工廠前仁波切祈福法會　搜救行動持續','https://cc.tvbs.com.tw/img/upload/2023/09/28/20230928123011-006448a0.jpg','2023-09-28 00:00:00.000000'),(271,'限時免費！中秋應景5貼圖推薦　加碼4款超實用質感貼圖快收','限時免費！中秋應景5貼圖推薦　加碼4款超實用質感貼圖快收','https://cc.tvbs.com.tw/img/upload/2023/09/28/20230928124928-566025a6.jpg','2023-09-28 00:00:00.000000'),(272,'傳柯文哲罵藍白合「去死吧」　朱立倫急安撫：我們老同學沒問題','傳柯文哲罵藍白合「去死吧」　朱立倫急安撫：我們老同學沒問題','https://cc.tvbs.com.tw/img/upload/2023/09/28/20230928125322-4cd2c9e5.jpg','2023-09-28 00:00:00.000000'),(273,'給你拍！沿路逼車　男突停車下車插腰比YA','給你拍！沿路逼車　男突停車下車插腰比YA','https://cc.tvbs.com.tw/img/upload/2023/09/28/20230928122849-f4555bb8.jpg','2023-09-28 00:00:00.000000'),(274,'陸中秋「食」不安　合成「人工鹹蛋黃」流竄市面','陸中秋「食」不安　合成「人工鹹蛋黃」流竄市面','https://cc.tvbs.com.tw/img/upload/2023/09/28/20230928122224-320fd301.jpg','2023-09-28 00:00:00.000000'),(275,'銘傳國慶禮賓大使亮相　明星臉神似少女時代徐玄、周興哲','銘傳國慶禮賓大使亮相　明星臉神似少女時代徐玄、周興哲','https://cc.tvbs.com.tw/img/upload/2023/09/28/20230928125221-262cb6bd.jpg','2023-09-28 00:00:00.000000'),(276,'戰杭州亞運！圍棋女神「黑嘉嘉」超拚　16歲青澀美照曝光','戰杭州亞運！圍棋女神「黑嘉嘉」超拚　16歲青澀美照曝光','https://cc.tvbs.com.tw/img/upload/2023/09/28/20230928123145-f42940a0.jpg','2023-09-28 00:00:00.000000'),(277,'柯文哲不爽「當侯副手」　郭正亮曝3關鍵問題：不是無理取鬧','柯文哲不爽「當侯副手」　郭正亮曝3關鍵問題：不是無理取鬧','https://cc.tvbs.com.tw/img/upload/2023/09/26/20230926195346-ec746993.jpg','2023-09-28 00:00:00.000000'),(278,'影音／林俊傑鳥巢合體鄧紫棋！　首次合唱〈手心的薔薇〉','影音／林俊傑鳥巢合體鄧紫棋！　首次合唱〈手心的薔薇〉','https://cc.tvbs.com.tw/img/upload/2023/09/28/20230928094153-9937e561.jpg','2023-09-28 00:00:00.000000'),(279,'影音／蔡依林2字吐新專輯進度　取消海外演出：很抱歉','影音／蔡依林2字吐新專輯進度　取消海外演出：很抱歉','https://cc.tvbs.com.tw/img/upload/2023/09/28/20230928093825-3241dc94.jpg','2023-09-28 00:00:00.000000'),(280,'首艘潛艦國造「海鯤軍艦」下水　蔡英文：我們做到了','首艘潛艦國造「海鯤軍艦」下水　蔡英文：我們做到了','https://cc.tvbs.com.tw/img/upload/2023/09/28/20230928124622-2f4d634a.jpg','2023-09-28 00:00:00.000000'),(281,'工人油漆到一半閃人！喊「跟我壞壞就回去」　她一聽傻眼','工人油漆到一半閃人！喊「跟我壞壞就回去」　她一聽傻眼','https://cc.tvbs.com.tw/img/upload/2021/10/18/20211018192334-7d0618ec.jpg','2023-09-28 00:00:00.000000'),(282,'影音／孟耿如停工100天首露面　鬆口談近況「都在陪女兒」','影音／孟耿如停工100天首露面　鬆口談近況「都在陪女兒」','https://cc.tvbs.com.tw/img/upload/2023/09/28/20230928093441-26c2e611.jpg','2023-09-28 00:00:00.000000'),(283,'杭州亞運／跆拳道晉4強！李孟恩踢落「上屆金牌」保底銅牌','杭州亞運／跆拳道晉4強！李孟恩踢落「上屆金牌」保底銅牌','https://cc.tvbs.com.tw/img/upload/2023/09/28/20230928124141-541dc338.jpg','2023-09-28 00:00:00.000000'),(284,'柯文哲不滿「2條件」　民眾黨內人士批：藍技術性「卡」整合','柯文哲不滿「2條件」　民眾黨內人士批：藍技術性「卡」整合','https://cc.tvbs.com.tw/img/upload/2023/09/28/20230928123703-e0a69faf.jpg','2023-09-28 00:00:00.000000'),(285,'影音／《有生之年》楊貴媚嗨幫兒湊對　吳慷仁1句話遭林哲熹爆氣狠瞪','影音／《有生之年》楊貴媚嗨幫兒湊對　吳慷仁1句話遭林哲熹爆氣狠瞪','https://cc.tvbs.com.tw/img/upload/2023/09/28/20230928092738-1175108e.jpg','2023-09-28 00:00:00.000000'),(286,'別讓貓咪戴柚子帽！不慎舔食恐中毒　「4恐怖下場曝光」','別讓貓咪戴柚子帽！不慎舔食恐中毒　「4恐怖下場曝光」','https://cc.tvbs.com.tw/img/upload/2023/09/28/20230928122830-e6a02d40.jpg','2023-09-28 00:00:00.000000'),(287,'影音／《有生之年》楊貴媚約孫情吃飯　喜翔見出遊照賭氣：我吃鳥食！','影音／《有生之年》楊貴媚約孫情吃飯　喜翔見出遊照賭氣：我吃鳥食！','https://cc.tvbs.com.tw/img/upload/2023/09/28/20230928092231-7f9e353f.jpg','2023-09-28 00:00:00.000000'),(288,'樂團主唱偷吃酒店妹「認了離婚倒數」　斷開結縭15年H級核彈人妻','樂團主唱偷吃酒店妹「認了離婚倒數」　斷開結縭15年H級核彈人妻','https://cc.tvbs.com.tw/img/upload/2023/09/28/20230928123846-e647fa57.jpg','2023-09-28 00:00:00.000000'),(289,'影音／謝展榮《有生之年》再表白失敗　孫可芳受騙氣炸：當我是笨蛋？','影音／謝展榮《有生之年》再表白失敗　孫可芳受騙氣炸：當我是笨蛋？','https://cc.tvbs.com.tw/img/upload/2023/09/28/20230928091746-91ec5573.jpg','2023-09-28 00:00:00.000000'),(290,'柯文哲十大教育政見！年花15億延長義務教育至5歲','柯文哲十大教育政見！年花15億延長義務教育至5歲','https://cc.tvbs.com.tw/img/upload/2023/09/28/20230928123227-2b838280.jpg','2023-09-28 00:00:00.000000'),(291,'女星慶生突爆「親弟罹重度自閉」　不捨許願：快開口喊姊姊','女星慶生突爆「親弟罹重度自閉」　不捨許願：快開口喊姊姊','https://cc.tvbs.com.tw/img/upload/2023/09/28/20230928122238-cdc31beb.jpg','2023-09-28 00:00:00.000000'),(292,'專訪／Melody出道20年迎金鐘「有望開胸破尺度」　張小燕親獻祝福','專訪／Melody出道20年迎金鐘「有望開胸破尺度」　張小燕親獻祝福','https://cc.tvbs.com.tw/img/upload/2023/09/28/20230928112606-f108d154.jpg','2023-09-28 00:00:00.000000'),(293,'影音／吳慷仁《有生之年》告白失敗！　驚見親弟林哲熹擁吻張榕容看傻','影音／吳慷仁《有生之年》告白失敗！　驚見親弟林哲熹擁吻張榕容看傻','https://cc.tvbs.com.tw/img/upload/2023/09/28/20230928091435-6bb1931b.jpg','2023-09-28 00:00:00.000000'),(294,'張煥宜帶傷戰伊朗強敵　對散打偶像吞敗奪銅','張煥宜帶傷戰伊朗強敵　對散打偶像吞敗奪銅','https://cc.tvbs.com.tw/img/upload/2023/09/28/20230928121028-314ea559.jpg','2023-09-28 00:00:00.000000'),(295,'藍白合沒戲？柯稱國民黨「不比民調」　黃暐瀚：誰說的講清楚','藍白合沒戲？柯稱國民黨「不比民調」　黃暐瀚：誰說的講清楚','https://cc.tvbs.com.tw/img/upload/2023/09/26/20230926195346-ec746993.jpg','2023-09-28 00:00:00.000000'),(296,'李毓芬IG破823萬追蹤僅次周子瑜、周董　網：鬼一般的支持量','李毓芬IG破823萬追蹤僅次周子瑜、周董　網：鬼一般的支持量','https://cc.tvbs.com.tw/img/upload/2023/09/28/20230928115503-5577977a.jpg','2023-09-28 00:00:00.000000'),(297,'屏東明揚爆炸頭七祈福法會…傅班長仍失聯　家屬苦守現場','屏東明揚爆炸頭七祈福法會…傅班長仍失聯　家屬苦守現場','https://cc.tvbs.com.tw/img/upload/2023/09/28/20230928123438-7c36ac8b.jpg','2023-09-28 00:00:00.000000'),(298,'給我號碼牌！民眾漏夜排隊　搶考計程車司機','給我號碼牌！民眾漏夜排隊　搶考計程車司機','https://cc.tvbs.com.tw/img/upload/2023/09/28/20230928120951-7a321628.jpg','2023-09-28 00:00:00.000000'),(299,'告白孫可芳遭甩巴掌！謝展榮鬆口理想型：想有單純的戀愛關係','告白孫可芳遭甩巴掌！謝展榮鬆口理想型：想有單純的戀愛關係','https://cc.tvbs.com.tw/img/upload/2023/09/28/20230928122912-2c6f0879.jpg','2023-09-28 00:00:00.000000'),(300,'才賣「反胃焗烤飯」台南護專餐廳供應過期飲料　校方：食安零容忍','才賣「反胃焗烤飯」台南護專餐廳供應過期飲料　校方：食安零容忍','https://cc.tvbs.com.tw/img/upload/2023/09/28/20230928121110-1740e781.jpg','2023-09-28 00:00:00.000000'),(301,'熱門景點亂塗鴉被抓包！　男子大暴走揮掃把作勢打人','熱門景點亂塗鴉被抓包！　男子大暴走揮掃把作勢打人','https://cc.tvbs.com.tw/img/upload/2023/09/28/20230928120915-f9694c92.jpg','2023-09-28 00:00:00.000000'),(302,'90歲嬤心臟衰竭亡　送殯儀館突「恢復生命徵象」員工嚇傻','90歲嬤心臟衰竭亡　送殯儀館突「恢復生命徵象」員工嚇傻','https://cc.tvbs.com.tw/img/upload/2023/09/28/20230928120610-588674a9.jpg','2023-09-28 00:00:00.000000'),(303,'教師節這群老師不開心　冷氣電費得「自己」出','教師節這群老師不開心　冷氣電費得「自己」出','https://cc.tvbs.com.tw/img/upload/2023/09/28/20230928121147-fdca2305.jpg','2023-09-28 00:00:00.000000'),(304,'FB發文稱買到「黑綠臭蛋」　新北男被逮喊冤：是真的','FB發文稱買到「黑綠臭蛋」　新北男被逮喊冤：是真的','https://cc.tvbs.com.tw/img/upload/2023/09/28/20230928122646-5d0e26b9.jpg','2023-09-28 00:00:00.000000'),(305,'轟柯文哲歧視孕婦、選舉當選美　賴清德競辦：性平分數死當','轟柯文哲歧視孕婦、選舉當選美　賴清德競辦：性平分數死當','https://cc.tvbs.com.tw/img/upload/2023/09/27/20230927132602-81c192ce.jpg','2023-09-28 00:00:00.000000'),(306,'下班遇到蛇！牽機車雨傘節亂入　副所長嚇爆急call消防','下班遇到蛇！牽機車雨傘節亂入　副所長嚇爆急call消防','https://cc.tvbs.com.tw/img/upload/2023/09/28/20230928121609-e582ba27.jpg','2023-09-28 00:00:00.000000'),(307,'國民黨醞釀「侯柯配」威脅賴民調　綠委反問：柯文哲願意嗎？','國民黨醞釀「侯柯配」威脅賴民調　綠委反問：柯文哲願意嗎？','https://cc.tvbs.com.tw/img/upload/2023/09/28/20230928104355-d863b048.jpg','2023-09-28 00:00:00.000000'),(308,'財運爆發！屬羊10月「好運不斷狂飆」　一鳴驚人還有這生肖','財運爆發！屬羊10月「好運不斷狂飆」　一鳴驚人還有這生肖','https://cc.tvbs.com.tw/img/upload/2023/09/08/20230908212940-315d324c.jpg','2023-09-28 00:00:00.000000'),(309,'孟耿如記者會「延遲20分」有內情　同場女星親上火線回應','孟耿如記者會「延遲20分」有內情　同場女星親上火線回應','https://cc.tvbs.com.tw/img/upload/2023/09/28/20230928120855-c78b697b.jpg','2023-09-28 00:00:00.000000'),(310,'民調／支持度腰斬！他「每月掉3%」下探　近4成認為會退選','民調／支持度腰斬！他「每月掉3%」下探　近4成認為會退選','https://cc.tvbs.com.tw/img/upload/2023/09/28/20230928113824-9d53e2e2.jpg','2023-09-28 00:00:00.000000'),(311,'5歲女童讓座被嗆「早就該讓」　媽媽神回「搶位嬤秒閉嘴」','5歲女童讓座被嗆「早就該讓」　媽媽神回「搶位嬤秒閉嘴」','https://cc.tvbs.com.tw/img/upload/2023/09/21/20230921142028-4d031f80.jpg','2023-09-28 00:00:00.000000'),(312,'佛教界網紅！美男和尚「逆天顏值」爆紅IG　剃度竟藏遠大抱負','佛教界網紅！美男和尚「逆天顏值」爆紅IG　剃度竟藏遠大抱負','https://cc.tvbs.com.tw/img/upload/2023/09/28/20230928115712-043f9dd4.jpg','2023-09-28 00:00:00.000000'),(313,'輪胎行縱火燒死8名家人！新竹孽子一審判死　家屬痛哭：很欣慰','輪胎行縱火燒死8名家人！新竹孽子一審判死　家屬痛哭：很欣慰','https://cc.tvbs.com.tw/img/upload/2023/09/28/20230928120457-4b9afe0d.jpg','2023-09-28 00:00:00.000000'),(314,'中秋烤肉1舉動恐致癌！食材熱量排行　冠軍近千卡：70％都油','中秋烤肉1舉動恐致癌！食材熱量排行　冠軍近千卡：70％都油','https://cc.tvbs.com.tw/img/upload/2021/09/13/20210913191633-e9437d8e.jpg','2023-09-28 00:00:00.000000'),(315,'遇惡搞後迴轉壽司不轉了！　日壽司郎出新招推「螢幕轉盤」','遇惡搞後迴轉壽司不轉了！　日壽司郎出新招推「螢幕轉盤」','https://cc.tvbs.com.tw/img/upload/2023/09/28/20230928115045-d7d34a3d.jpg','2023-09-28 00:00:00.000000'),(316,'求財吉日來了！中秋逢土地公聖誕　「開運4祕法」接福旺桃花','求財吉日來了！中秋逢土地公聖誕　「開運4祕法」接福旺桃花','https://cc.tvbs.com.tw/img/upload/2023/09/28/20230928102405-e201956d.jpg','2023-09-28 00:00:00.000000'),(317,'兒童英雄《汪汪隊立大功》219隻狗一起坐著看創金氏紀錄','兒童英雄《汪汪隊立大功》219隻狗一起坐著看創金氏紀錄','https://cc.tvbs.com.tw/img/upload/2023/09/28/20230928114311-9dfa86e8.jpg','2023-09-28 00:00:00.000000'),(318,'世界最老觀賞魚！92歲「魚瑞」二戰前住進水族館　最愛被摸肚','世界最老觀賞魚！92歲「魚瑞」二戰前住進水族館　最愛被摸肚','https://cc.tvbs.com.tw/img/upload/2023/09/28/20230928114953-6975ea59.jpg','2023-09-28 00:00:00.000000'),(319,'有片／瀑布洗澡遇湍急水流！男「絕望回頭」下一秒被沖走溺斃','有片／瀑布洗澡遇湍急水流！男「絕望回頭」下一秒被沖走溺斃','https://cc.tvbs.com.tw/img/upload/2023/09/28/20230928114911-c525d069.jpg','2023-09-28 00:00:00.000000'),(320,'偷遊客錢財重創形象　菲律賓突開除19名機場安全官員','偷遊客錢財重創形象　菲律賓突開除19名機場安全官員','https://cc.tvbs.com.tw/img/upload/2023/09/28/20230928114529-4d528d27.jpg','2023-09-28 00:00:00.000000'),(321,'首艘國造潛艦海鯤號今下水　網曝最早推手是「這位總統」','首艘國造潛艦海鯤號今下水　網曝最早推手是「這位總統」','https://cc.tvbs.com.tw/img/upload/2023/09/26/20230926182820-7b15ab57.jpg','2023-09-28 00:00:00.000000'),(322,'首艘國造潛艦「海鯤號」今下水！設魚雷發射　超狂性能曝','首艘國造潛艦「海鯤號」今下水！設魚雷發射　超狂性能曝','https://cc.tvbs.com.tw/img/upload/2023/09/28/20230928114915-64c0703d.jpg','2023-09-28 00:00:00.000000'),(323,'美賓州大規模搶案　近百人闖入拿iPhone就跑','美賓州大規模搶案　近百人闖入拿iPhone就跑','https://cc.tvbs.com.tw/img/upload/2023/09/28/20230928113157-11a39fdc.jpg','2023-09-28 00:00:00.000000'),(324,'陸拚「空中鐵路」武漢通車營運　上海測試中','陸拚「空中鐵路」武漢通車營運　上海測試中','https://cc.tvbs.com.tw/img/upload/2023/09/28/20230928112356-6be709e0.jpg','2023-09-28 00:00:00.000000'),(325,'看你不順眼！男條通酒吧嗆陌生酒客　反遭群毆撂倒滿身傷','看你不順眼！男條通酒吧嗆陌生酒客　反遭群毆撂倒滿身傷','https://cc.tvbs.com.tw/img/upload/2023/09/28/20230928113140-b14cfa00.jpg','2023-09-28 00:00:00.000000'),(326,'再9天攻蛋！徐懷鈺突「擺爛」原因揭曉　撂話：看我很好騙','再9天攻蛋！徐懷鈺突「擺爛」原因揭曉　撂話：看我很好騙','https://cc.tvbs.com.tw/img/upload/2023/09/28/20230928105443-9867a2ca.jpg','2023-09-28 00:00:00.000000'),(327,'威力彩衝9億今晚開獎！2買法中獎率更高　中秋節超夯號碼曝','威力彩衝9億今晚開獎！2買法中獎率更高　中秋節超夯號碼曝','https://cc.tvbs.com.tw/img/upload/2023/06/19/20230619153133-086b67be.jpg','2023-09-28 00:00:00.000000'),(328,'杭州亞運／蝶后張雨霏「奪下金牌」！刷新破紀錄　致敬池江：她是一個奇蹟','杭州亞運／蝶后張雨霏「奪下金牌」！刷新破紀錄　致敬池江：她是一個奇蹟','https://cc.tvbs.com.tw/img/upload/2023/09/28/20230928113456-04810308.jpg','2023-09-28 00:00:00.000000'),(329,'闖北檢掛民進黨旗　陳抗常客田山盛國判拘45日定讞','闖北檢掛民進黨旗　陳抗常客田山盛國判拘45日定讞','https://cc.tvbs.com.tw/img/upload/2023/09/28/20230928113516-a7659db6.jpg','2023-09-28 00:00:00.000000'),(330,'杭州亞運／戴資穎領軍！羽球女團勝香港晉8強　下場碰日本','杭州亞運／戴資穎領軍！羽球女團勝香港晉8強　下場碰日本','https://cc.tvbs.com.tw/img/upload/2023/09/28/20230928100206-a2dc7c40.jpg','2023-09-28 00:00:00.000000'),(331,'新竹孽子不想洗碗燒全家釀8死　法院一審判死：無教化可能','新竹孽子不想洗碗燒全家釀8死　法院一審判死：無教化可能','https://cc.tvbs.com.tw/img/upload/2023/09/28/20230928113537-cf3d538f.jpg','2023-09-28 00:00:00.000000'),(332,'李玟又入夢！甄妮痛揭她7年前提離婚　「男人一跪就簽不下手」','李玟又入夢！甄妮痛揭她7年前提離婚　「男人一跪就簽不下手」','https://cc.tvbs.com.tw/img/upload/2023/08/26/20230826135120-ab05f886.jpg','2023-09-28 00:00:00.000000'),(333,'Lisa瘋馬秀原版曲目「全裸演出」！　全韓網罵翻：品味低俗又無腦','Lisa瘋馬秀原版曲目「全裸演出」！　全韓網罵翻：品味低俗又無腦','https://cc.tvbs.com.tw/img/upload/2023/09/28/20230928112854-58a4215a.jpg','2023-09-28 00:00:00.000000'),(334,'慘了！日籍學生酒駕逆向還併排聊天　停紅燈被台中警攔下逮捕','慘了！日籍學生酒駕逆向還併排聊天　停紅燈被台中警攔下逮捕','https://cc.tvbs.com.tw/img/upload/2023/09/28/20230928112102-10dcdf30.jpg','2023-09-28 00:00:00.000000'),(335,'美百名蒙面人「打砸搶」快閃搶劫！　蘋果、Lululemon全遭殃','美百名蒙面人「打砸搶」快閃搶劫！　蘋果、Lululemon全遭殃','https://cc.tvbs.com.tw/img/upload/2023/09/28/20230928105612-d2378dc1.jpg','2023-09-28 00:00:00.000000'),(336,'和吳慷仁爆衝突！林哲熹不忍了說出真話　親揭「雙方私下互動」','和吳慷仁爆衝突！林哲熹不忍了說出真話　親揭「雙方私下互動」','https://cc.tvbs.com.tw/img/upload/2023/09/13/20230913200628-06464360.jpg','2023-09-28 00:00:00.000000'),(337,'藍白合誰要當副手？　郭正亮曝「這樣做」：民眾黨很難拒絕','藍白合誰要當副手？　郭正亮曝「這樣做」：民眾黨很難拒絕','https://cc.tvbs.com.tw/img/upload/2023/09/28/20230928104355-d863b048.jpg','2023-09-28 00:00:00.000000'),(338,'iPhone15「這型號」大跳水？　開賣至今盤價跌逾4000元','iPhone15「這型號」大跳水？　開賣至今盤價跌逾4000元','https://cc.tvbs.com.tw/img/upload/2023/09/22/20230922134606-f6a60d31.jpg','2023-09-28 00:00:00.000000'),(339,'中國駭客入侵美國務院　傳竊走電郵數量達6萬封','中國駭客入侵美國務院　傳竊走電郵數量達6萬封','https://cc.tvbs.com.tw/img/upload/2023/09/28/20230928111156-94469744.jpg','2023-09-28 00:00:00.000000'),(340,'北韓核武國家地位入憲　金正恩：誰都不得藐視','北韓核武國家地位入憲　金正恩：誰都不得藐視','https://cc.tvbs.com.tw/img/upload/2023/09/28/20230928105750-7c078a83.jpg','2023-09-28 00:00:00.000000'),(341,'中共政治局集體學習  李尚福、秦剛缺席','中共政治局集體學習  李尚福、秦剛缺席','https://cc.tvbs.com.tw/img/upload/2023/09/28/20230928104136-b6bea199.jpg','2023-09-28 00:00:00.000000'),(342,'破紀錄！盧比歐待太空371天安返地球　NASA：推進探索','破紀錄！盧比歐待太空371天安返地球　NASA：推進探索','https://cc.tvbs.com.tw/img/upload/2023/09/28/20230928111335-81b7f15a.jpg','2023-09-28 00:00:00.000000'),(343,'《大集合》首同框煞到？熊霓當眾「上下激晃」　胡瓜狂讚：想換新血','《大集合》首同框煞到？熊霓當眾「上下激晃」　胡瓜狂讚：想換新血','https://cc.tvbs.com.tw/img/upload/2023/09/28/20230928110747-f29dc4d8.jpg','2023-09-28 00:00:00.000000'),(344,'男星突猝逝！7大猝死前兆快就醫　醫：第7點難逃最可怕','男星突猝逝！7大猝死前兆快就醫　醫：第7點難逃最可怕','https://cc.tvbs.com.tw/img/upload/2023/09/28/20230928110825-e09021ea.jpg','2023-09-28 00:00:00.000000'),(345,'中秋連假車潮今早開始！國五恐塞到凌晨　3地雷、替代道路曝光','中秋連假車潮今早開始！國五恐塞到凌晨　3地雷、替代道路曝光','https://cc.tvbs.com.tw/img/upload/2023/09/28/20230928154834-c3d2bdcb.jpg','2023-09-28 00:00:00.000000'),(346,'狂！下令員工「帶鍋子裝麥當勞」　蔡阿嘎七龍珠聯名全套入手','狂！下令員工「帶鍋子裝麥當勞」　蔡阿嘎七龍珠聯名全套入手','https://cc.tvbs.com.tw/img/upload/2023/09/28/20230928110544-f4bb06fb.jpg','2023-09-28 00:00:00.000000'),(347,'台東父為愛女返鄉狂刷車票！曝「搶票小撇步」3天成功訂7張','台東父為愛女返鄉狂刷車票！曝「搶票小撇步」3天成功訂7張','https://cc.tvbs.com.tw/img/upload/2023/09/28/20230928110118-b4080a46.jpg','2023-09-28 00:00:00.000000'),(348,'全手機民調／絕不投誰？「他」狂衝第一　侯友宜爭輸非綠龍頭','全手機民調／絕不投誰？「他」狂衝第一　侯友宜爭輸非綠龍頭','https://cc.tvbs.com.tw/img/upload/2023/09/13/20230913103401-1483f608.jpg','2023-09-28 00:00:00.000000'),(349,'10年來最圓！今年中秋「真正滿月」錯過再等14年','10年來最圓！今年中秋「真正滿月」錯過再等14年','https://cc.tvbs.com.tw/img/upload/2022/09/08/20220908085046-2805bea5.jpg','2023-09-28 00:00:00.000000'),(350,'TVBS跨域整合娛樂與AI科技　首創業界可即時互動虛擬AI藝人','TVBS跨域整合娛樂與AI科技　首創業界可即時互動虛擬AI藝人','https://cc.tvbs.com.tw/img/upload/2023/09/28/20230928104640-08e4505d.jpg','2023-09-28 00:00:00.000000'),(351,'中風婦體內「插多根魅力針」身亡　醫嘆：她死都不肯拔','中風婦體內「插多根魅力針」身亡　醫嘆：她死都不肯拔','https://cc.tvbs.com.tw/img/upload/2023/09/28/20230928104646-073bc44e.jpg','2023-09-28 00:00:00.000000'),(352,'專訪／沈玉琳入圍金鐘：幸福好突然　釣出欠錢友「恭喜卻不還錢」傻眼','專訪／沈玉琳入圍金鐘：幸福好突然　釣出欠錢友「恭喜卻不還錢」傻眼','https://cc.tvbs.com.tw/img/upload/2023/09/28/20230928103208-9e2df946.jpg','2023-09-28 00:00:00.000000'),(353,'國3基隆隧道「連環車禍」！5車相撞　10消防急衝現場','國3基隆隧道「連環車禍」！5車相撞　10消防急衝現場','https://cc.tvbs.com.tw/img/upload/2023/09/28/20230928104706-cf5fdd69.jpg','2023-09-28 00:00:00.000000'),(354,'杭州亞運／60歲阿公神槍手奪金　秘訣竟是「遠離手機」','杭州亞運／60歲阿公神槍手奪金　秘訣竟是「遠離手機」','https://cc.tvbs.com.tw/img/upload/2023/09/28/20230928104138-14a0cc99.jpg','2023-09-28 00:00:00.000000'),(355,'見不到高嘉瑜！關東煮醬塗抹服務處看板　被逮喊：我是支持者','見不到高嘉瑜！關東煮醬塗抹服務處看板　被逮喊：我是支持者','https://cc.tvbs.com.tw/img/upload/2023/09/28/20230928104141-cbc33ca6.jpg','2023-09-28 00:00:00.000000'),(356,'有片／現場看球釀悲劇！男遭敵隊粉絲「重擊太陽穴」倒地身亡','有片／現場看球釀悲劇！男遭敵隊粉絲「重擊太陽穴」倒地身亡','https://cc.tvbs.com.tw/img/upload/2023/09/28/20230928104548-ccad0d58.jpg','2023-09-28 00:00:00.000000'),(357,'張詠華驟逝「享年51歲」！曾認「想輕生」　2惡疾纏身：我病了','張詠華驟逝「享年51歲」！曾認「想輕生」　2惡疾纏身：我病了','https://cc.tvbs.com.tw/img/upload/2023/09/28/20230928103527-28a5ce36.jpg','2023-09-28 00:00:00.000000'),(358,'爆乳妹開直播！下秒遭噁男「公然襲臀」　崩潰喊：他想看我內褲','爆乳妹開直播！下秒遭噁男「公然襲臀」　崩潰喊：他想看我內褲','https://cc.tvbs.com.tw/img/upload/2023/09/28/20230928102505-1a078286.jpg','2023-09-28 00:00:00.000000'),(359,'Meta進軍AI圖像生成　新款智慧眼鏡結合直播','Meta進軍AI圖像生成　新款智慧眼鏡結合直播','https://cc.tvbs.com.tw/img/upload/2023/09/28/20230928103624-7b965198.jpg','2023-09-28 00:00:00.000000'),(360,'中秋是柚子季節！解膩又助排便　她點名「3族群」不能吃','中秋是柚子季節！解膩又助排便　她點名「3族群」不能吃','https://cc.tvbs.com.tw/img/upload/2023/09/20/20230920133057-7b74be26.jpg','2023-09-28 00:00:00.000000'),(361,'韓國瑜列不分區第一？　王鴻薇認同趙少康：可衝高投票率','韓國瑜列不分區第一？　王鴻薇認同趙少康：可衝高投票率','https://cc.tvbs.com.tw/img/upload/2023/09/28/20230928103510-27f78fa6.jpg','2023-09-28 00:00:00.000000'),(362,'許家印傳遭軟禁重挫股價！　3「恒大系」公司今早停牌','許家印傳遭軟禁重挫股價！　3「恒大系」公司今早停牌','https://cc.tvbs.com.tw/img/upload/2023/09/28/20230928103025-288a98ce.jpg','2023-09-28 00:00:00.000000'),(363,'Angelababy恢單1年半　「突曬母子合照」網驚呆','Angelababy恢單1年半　「突曬母子合照」網驚呆','https://cc.tvbs.com.tw/img/upload/2023/09/28/20230928102445-57c94f67.jpg','2023-09-28 00:00:00.000000'),(364,'中華職棒／富邦連兩場用全壘打定勝負　王勝偉本季首轟奪MVP','中華職棒／富邦連兩場用全壘打定勝負　王勝偉本季首轟奪MVP','https://cc.tvbs.com.tw/img/upload/2023/09/28/20230928103119-f1e6c327.jpg','2023-09-28 00:00:00.000000'),(365,'價差去哪了？進口蛋一顆成本18元「農業部補助32元」','價差去哪了？進口蛋一顆成本18元「農業部補助32元」','https://cc.tvbs.com.tw/img/upload/2023/09/13/20230913124432-8fe7368f.jpg','2023-09-28 00:00:00.000000'),(366,'成颱機率激升！中秋連假後當心　颱風「下週這天」恐通過台灣','成颱機率激升！中秋連假後當心　颱風「下週這天」恐通過台灣','https://cc.tvbs.com.tw/img/upload/2023/09/28/20230928102009-a05d25ba.jpg','2023-09-28 00:00:00.000000'),(367,'機車族歡呼！台南搶第一「取消二段式左轉」　採雙軌試辦','機車族歡呼！台南搶第一「取消二段式左轉」　採雙軌試辦','https://cc.tvbs.com.tw/img/upload/2022/10/25/20221025122813-d377d1bf.jpg','2023-09-28 00:00:00.000000'),(368,'陳仙梅傻眼！拍流血哭戲遭孩童亂入　她嘆「爸爸沒在管」真相曝','陳仙梅傻眼！拍流血哭戲遭孩童亂入　她嘆「爸爸沒在管」真相曝','https://cc.tvbs.com.tw/img/upload/2023/09/28/20230928100732-0a3657a3.jpg','2023-09-28 00:00:00.000000'),(369,'杭州亞運／泰國送烏龍球　中華女足二連勝晉級8強','杭州亞運／泰國送烏龍球　中華女足二連勝晉級8強','https://cc.tvbs.com.tw/img/upload/2023/09/28/20230928094627-67f8114f.jpg','2023-09-28 00:00:00.000000'),(370,'ChatGPT不再只有資料數據　OpenAI：現在可瀏覽網路','ChatGPT不再只有資料數據　OpenAI：現在可瀏覽網路','https://cc.tvbs.com.tw/img/upload/2023/09/28/20230928092800-e2efb9f7.jpg','2023-09-28 00:00:00.000000'),(371,'MLB／大谷翔平下季落腳何隊　美媒：道奇最熱門','MLB／大谷翔平下季落腳何隊　美媒：道奇最熱門','https://cc.tvbs.com.tw/img/upload/2023/09/28/20230928091543-858296c9.jpg','2023-09-28 00:00:00.000000'),(372,'有片／黑熊亂入野餐！勇母這舉動護兒躲過一劫　驚悚畫面曝','有片／黑熊亂入野餐！勇母這舉動護兒躲過一劫　驚悚畫面曝','https://cc.tvbs.com.tw/img/upload/2023/09/28/20230928094133-5a0a974a.jpg','2023-09-28 00:00:00.000000'),(373,'不到1個月！4起國道車禍奪5命　警發現藏「這巧合」','不到1個月！4起國道車禍奪5命　警發現藏「這巧合」','https://cc.tvbs.com.tw/img/upload/2023/09/16/20230916165501-81874308.jpg','2023-09-28 00:00:00.000000'),(374,'Lisa瘋馬秀就在今天！女郎身材要求超嚴格　4條件曝光 ','Lisa瘋馬秀就在今天！女郎身材要求超嚴格　4條件曝光 ','https://cc.tvbs.com.tw/img/upload/2023/09/26/20230926083148-e5a4bfb2.jpg','2023-09-28 00:00:00.000000'),(375,'爆獨寵20歲熊霓！胡瓜「與她休息室獨處」　搭檔驚吐：已經愛上','爆獨寵20歲熊霓！胡瓜「與她休息室獨處」　搭檔驚吐：已經愛上','https://cc.tvbs.com.tw/img/upload/2023/09/28/20230928100142-8f8e3af0.jpg','2023-09-28 00:00:00.000000'),(376,'有片／烏茲別克機場大爆炸起火　大型蕈狀雲嚇壞居民','有片／烏茲別克機場大爆炸起火　大型蕈狀雲嚇壞居民','https://cc.tvbs.com.tw/img/upload/2023/09/28/20230928095340-0b0ccbf9.jpg','2023-09-28 00:00:00.000000'),(377,'中秋約烤肉局！內行秀「MVP神物」　一票讚：隨便都有味','中秋約烤肉局！內行秀「MVP神物」　一票讚：隨便都有味','https://cc.tvbs.com.tw/img/upload/2021/09/19/20210919112632-aa540718.jpg','2023-09-28 00:00:00.000000'),(378,'只因這句話！6男馬路口火爆互毆　下場全進了警局','只因這句話！6男馬路口火爆互毆　下場全進了警局','https://cc.tvbs.com.tw/img/upload/2023/09/28/20230928095716-825a2d84.jpg','2023-09-28 00:00:00.000000'),(379,'福島排水不去日本了？陸客十一連假「有旅行社預約量反增」','福島排水不去日本了？陸客十一連假「有旅行社預約量反增」','https://cc.tvbs.com.tw/img/upload/2023/07/19/20230719101032-97c64575.jpg','2023-09-28 00:00:00.000000'),(380,'藥罐開封後「塑膠袋」有何用途？　日藥廠警告：最好快丟掉','藥罐開封後「塑膠袋」有何用途？　日藥廠警告：最好快丟掉','https://cc.tvbs.com.tw/img/upload/2023/09/28/20230928094110-eef8caf1.jpg','2023-09-28 00:00:00.000000'),(381,'兒童急診滿床塞爆！醫臨極限示警「這病毒大爆發」：無法想像的盛況','兒童急診滿床塞爆！醫臨極限示警「這病毒大爆發」：無法想像的盛況','https://cc.tvbs.com.tw/img/upload/2022/05/06/20220506220420-283b6398.jpg','2023-09-28 00:00:00.000000'),(382,'男星無預警宣布娶絕美妻！命理師驚人預言全中　網看傻：太神','男星無預警宣布娶絕美妻！命理師驚人預言全中　網看傻：太神','https://cc.tvbs.com.tw/img/upload/2023/09/28/20230928094221-3084cd5c.jpg','2023-09-28 00:00:00.000000'),(383,'驚遇恐怖情人！啦啦隊女神提分手　男友狠摔她還大鬧超商','驚遇恐怖情人！啦啦隊女神提分手　男友狠摔她還大鬧超商','https://cc.tvbs.com.tw/img/upload/2023/09/28/20230928093329-067b8710.jpg','2023-09-28 00:00:00.000000'),(384,'「年薪幾％買得起新iPhone」排名曝！台勝日本、最後一名是它','「年薪幾％買得起新iPhone」排名曝！台勝日本、最後一名是它','https://cc.tvbs.com.tw/img/upload/2023/09/28/20230928095529-b774440c.jpg','2023-09-28 00:00:00.000000'),(385,'你介入感情！南港男路上巧遇「小王」　氣炸持安全帽狂K','你介入感情！南港男路上巧遇「小王」　氣炸持安全帽狂K','https://cc.tvbs.com.tw/img/upload/2023/09/28/20230928093746-8433185a.jpg','2023-09-28 00:00:00.000000'),(386,'台南學童稱老師像「大猩猩、癩蛤蟆」　超誠實發言笑翻','台南學童稱老師像「大猩猩、癩蛤蟆」　超誠實發言笑翻','https://cc.tvbs.com.tw/img/upload/2023/09/28/20230928093915-7641a4dd.jpg','2023-09-28 00:00:00.000000'),(387,'全台中秋賞月指數看這邊！專家曝1原則「愈晚月愈明」','全台中秋賞月指數看這邊！專家曝1原則「愈晚月愈明」','https://cc.tvbs.com.tw/img/upload/2023/09/28/20230928094437-e5766ba1.jpg','2023-09-28 00:00:00.000000'),(388,'印媒：台灣印度移工備忘錄內容敲定　最快10月簽署','印媒：台灣印度移工備忘錄內容敲定　最快10月簽署','https://cc.tvbs.com.tw/img/upload/2021/09/10/20210910114706-5e3f2aa4.jpg','2023-09-28 00:00:00.000000'),(389,'好市多隔6年漲會費？財務長：只是時間問題','好市多隔6年漲會費？財務長：只是時間問題','https://cc.tvbs.com.tw/img/upload/2023/09/28/20230928094214-543c2a5b.jpg','2023-09-28 00:00:00.000000'),(390,'雙十國慶全兵力預演　直升機懸巨幅國旗通過總統府上空','雙十國慶全兵力預演　直升機懸巨幅國旗通過總統府上空','https://cc.tvbs.com.tw/img/upload/2023/09/28/20230928094058-6b069075.jpg','2023-09-28 00:00:00.000000'),(391,'泰晤士2024世界大學排名　台大台灣第一、全球152','泰晤士2024世界大學排名　台大台灣第一、全球152','https://cc.tvbs.com.tw/img/upload/2023/06/30/20230630082511-b90eb164.jpg','2023-09-28 00:00:00.000000'),(392,'新北八里廢五金廠惡火「爆炸聲不斷」　300坪廠房付之一炬','新北八里廢五金廠惡火「爆炸聲不斷」　300坪廠房付之一炬','https://cc.tvbs.com.tw/img/upload/2023/09/28/20230928092935-691b9527.jpg','2023-09-28 00:00:00.000000'),(393,'MLB／白襪重砲膝蓋受傷　大谷有望成史上首位日籍全壘打王','MLB／白襪重砲膝蓋受傷　大谷有望成史上首位日籍全壘打王','https://cc.tvbs.com.tw/img/upload/2023/09/28/20230928092644-05b708b4.jpg','2023-09-28 00:00:00.000000'),(394,'碰到YouTuber拍片會躲開？　她路上遇到秒閃人：超討厭','碰到YouTuber拍片會躲開？　她路上遇到秒閃人：超討厭','https://cc.tvbs.com.tw/img/upload/2023/09/20/20230920142324-07af55f7.jpg','2023-09-28 00:00:00.000000'),(395,'昔憔悴暴瘦！洪金寶「拄拐杖撐腿」愛妻攙扶　71歲近況曝','昔憔悴暴瘦！洪金寶「拄拐杖撐腿」愛妻攙扶　71歲近況曝','https://cc.tvbs.com.tw/img/upload/2023/09/28/20230928084508-2e0deaa3.jpg','2023-09-28 00:00:00.000000'),(396,'快訊／高雄旗山工安意外！怪手墜落土坑中　男工人遭掩慘死','快訊／高雄旗山工安意外！怪手墜落土坑中　男工人遭掩慘死','https://cc.tvbs.com.tw/img/upload/2023/09/28/20230928092023-03cb7bae.jpg','2023-09-28 00:00:00.000000'),(397,'丁柔安昔爆「1句話羞辱」狠戳痛點！小禎火大逼胡瓜選邊站','丁柔安昔爆「1句話羞辱」狠戳痛點！小禎火大逼胡瓜選邊站','https://cc.tvbs.com.tw/img/upload/2023/09/27/20230927095454-dccef83f.jpg','2023-09-28 00:00:00.000000'),(398,'51歲張詠華「心臟驟停」亡！過世前1天　驚現「死前異常」','51歲張詠華「心臟驟停」亡！過世前1天　驚現「死前異常」','https://cc.tvbs.com.tw/img/upload/2023/09/28/20230928085649-e694fbe4.jpg','2023-09-28 00:00:00.000000'),(399,'爆惹怒丁柔安！疑對環流出　熊霓認了「愛熟男」猛讚胡瓜這優點','爆惹怒丁柔安！疑對環流出　熊霓認了「愛熟男」猛讚胡瓜這優點','https://cc.tvbs.com.tw/img/upload/2023/09/28/20230928084101-3083be83.jpg','2023-09-28 00:00:00.000000'),(400,'回家驚見女兒衣櫃躲「半裸男」父怒摑一巴掌！　結果尷尬了','回家驚見女兒衣櫃躲「半裸男」父怒摑一巴掌！　結果尷尬了','https://cc.tvbs.com.tw/img/upload/2023/09/28/20230928084646-a6d945a4.jpg','2023-09-28 00:00:00.000000'),(401,'高一弟三高！「天天喝這杯」胖10公斤　醫搖頭：像毒藥','高一弟三高！「天天喝這杯」胖10公斤　醫搖頭：像毒藥','https://cc.tvbs.com.tw/img/upload/2022/07/01/20220701164424-24f152f5.jpg','2023-09-28 00:00:00.000000'),(402,'宋慧喬「看膩自己的演技」！　親曝下一步野心「隔空示愛韓韶禧」','宋慧喬「看膩自己的演技」！　親曝下一步野心「隔空示愛韓韶禧」','https://cc.tvbs.com.tw/img/upload/2023/09/28/20230928022205-8caaebf1.jpg','2023-09-28 00:00:00.000000'),(403,'才做8個月！總統要李俊俋別當勞動部次長了 改當「這個」','才做8個月！總統要李俊俋別當勞動部次長了 改當「這個」','https://cc.tvbs.com.tw/img/upload/2023/09/27/20230927183331-cedcd3a5.jpg','2023-09-28 00:00:00.000000'),(404,'市民領錢了！中秋紅包一早發送　「爽拿2155元」直接入帳','市民領錢了！中秋紅包一早發送　「爽拿2155元」直接入帳','https://cc.tvbs.com.tw/img/upload/2023/01/12/20230112135532-14c6907b.jpg','2023-09-28 00:00:00.000000'),(405,'女兒驚爆「被64歲胡瓜獨寵」惹火丁柔安！熊霓爸爸不忍全說了','女兒驚爆「被64歲胡瓜獨寵」惹火丁柔安！熊霓爸爸不忍全說了','https://cc.tvbs.com.tw/img/upload/2023/09/27/20230927103540-c2ad64b6.jpg','2023-09-28 00:00:00.000000'),(406,'中秋威力彩9億！3生肖財運驚人　「最旺2小時」快買爽中頭獎','中秋威力彩9億！3生肖財運驚人　「最旺2小時」快買爽中頭獎','https://cc.tvbs.com.tw/img/upload/2023/05/14/20230514095729-521721c2.jpg','2023-09-28 00:00:00.000000'),(407,'搬離傷心地！辛龍發聲驚揭「專心學佛」近況　鬆口女兒過很好','搬離傷心地！辛龍發聲驚揭「專心學佛」近況　鬆口女兒過很好','https://cc.tvbs.com.tw/img/upload/2022/05/19/20220519182749-e947010b.jpg','2023-09-28 00:00:00.000000'),(408,'台北駕駛能「忍龜車」？　在地人認了1因素：不是素質高','台北駕駛能「忍龜車」？　在地人認了1因素：不是素質高','https://cc.tvbs.com.tw/img/upload/2023/09/28/20230928075037-1da33c83.jpg','2023-09-28 00:00:00.000000'),(409,'藍白不合了？他驚人斷言「侯韓配」可能性：一出手韓粉歸隊','藍白不合了？他驚人斷言「侯韓配」可能性：一出手韓粉歸隊','https://cc.tvbs.com.tw/img/upload/2023/09/28/20230928071725-c883ebda.jpg','2023-09-28 00:00:00.000000'),(410,'中秋連假泡湯！連5天下雨　颱風恐襲來「在台灣附近」','中秋連假泡湯！連5天下雨　颱風恐襲來「在台灣附近」','https://cc.tvbs.com.tw/img/upload/2021/04/25/20210425080441-3254037e.jpg','2023-09-28 00:00:00.000000'),(411,'新民調／侯柯配破4成擊敗賴蕭配！「這族群」贏36%驚天逆襲','新民調／侯柯配破4成擊敗賴蕭配！「這族群」贏36%驚天逆襲','https://cc.tvbs.com.tw/img/upload/2023/07/06/20230706091109-5c1bc033.jpg','2023-09-28 00:00:00.000000'),(412,'資深演員驚傳「昨爬山昏倒猝逝」享年51歲！兒悲痛證噩耗','資深演員驚傳「昨爬山昏倒猝逝」享年51歲！兒悲痛證噩耗','https://cc.tvbs.com.tw/img/upload/2023/09/28/20230928073115-e5e08490.jpg','2023-09-28 00:00:00.000000'),(413,'NBA／里拉德前進公鹿！三方交易「聯手字母哥」　東區新三巨頭成形','NBA／里拉德前進公鹿！三方交易「聯手字母哥」　東區新三巨頭成形','https://cc.tvbs.com.tw/img/upload/2023/09/28/20230928025946-ea8245bf.jpg','2023-09-28 00:00:00.000000'),(414,'12星座9月28日運勢　獅子工作需肯定、寶瓶理財要小心','12星座9月28日運勢　獅子工作需肯定、寶瓶理財要小心','https://cc.tvbs.com.tw/img/upload/2023/08/26/20230826080413-2cdcd8c1.jpg','2023-09-28 00:00:00.000000'),(415,'美士兵闖北韓遭驅逐出境　官員透露已被美方拘留','美士兵闖北韓遭驅逐出境　官員透露已被美方拘留','https://cc.tvbs.com.tw/img/upload/2023/09/28/20230928062555-054802ca.jpg','2023-09-28 00:00:00.000000'),(416,'明揚爆炸釀死傷　董事長600萬、總經理500萬交保','明揚爆炸釀死傷　董事長600萬、總經理500萬交保','https://cc.tvbs.com.tw/img/upload/2023/09/28/20230928061428-aa19d076.jpg','2023-09-28 00:00:00.000000'),(417,'今迎風面局部陣雨　明中南部賞月機率增北東部恐雲遮月','今迎風面局部陣雨　明中南部賞月機率增北東部恐雲遮月','https://cc.tvbs.com.tw/img/upload/2023/09/28/20230928060721-92aee436.jpg','2023-09-28 00:00:00.000000'),(418,'送年邁父新iPhone！妻嗆「老人用太浪費」　夫見1舉動心死離婚','送年邁父新iPhone！妻嗆「老人用太浪費」　夫見1舉動心死離婚','https://cc.tvbs.com.tw/img/upload/2023/09/27/20230927224536-4c9c01ed.jpg','2023-09-28 00:00:00.000000'),(419,'員工手滑摔壞大體！葬儀社慘出包　目送死者「滾下樓梯頭撞凹」','員工手滑摔壞大體！葬儀社慘出包　目送死者「滾下樓梯頭撞凹」','https://cc.tvbs.com.tw/img/upload/2023/09/27/20230927161730-1899303d.jpg','2023-09-28 00:00:00.000000'),(420,'根本猜不透！3生肖「城府極深」處處留心　風趣只是保護色','根本猜不透！3生肖「城府極深」處處留心　風趣只是保護色','https://cc.tvbs.com.tw/img/upload/2023/03/02/20230302140659-60f20954.jpg','2023-09-28 00:00:00.000000'),(421,'按摩針灸都沒用！日常養成「4個好習慣」　腰酸背痛全消失','按摩針灸都沒用！日常養成「4個好習慣」　腰酸背痛全消失','https://cc.tvbs.com.tw/img/upload/2022/01/09/20220109083242-ca1a7fd1.jpg','2023-09-28 00:00:00.000000'),(422,'婆婆想幫孫捏出高鼻樑！機智醫回捏「這部位」　媳婦笑：不敢','婆婆想幫孫捏出高鼻樑！機智醫回捏「這部位」　媳婦笑：不敢','https://cc.tvbs.com.tw/img/upload/2023/09/27/20230927103329-96301199.jpg','2023-09-28 00:00:00.000000'),(423,'「全球最好吃機場」第3名　桃機推美食嘉年華','「全球最好吃機場」第3名　桃機推美食嘉年華','https://cc.tvbs.com.tw/img/upload/2023/09/27/20230927232931-875e4f92.jpg','2023-09-28 00:00:00.000000'),(424,'預防工安意外！　電子公司推「預警性AI」監控工廠防災','預防工安意外！　電子公司推「預警性AI」監控工廠防災','https://cc.tvbs.com.tw/img/upload/2023/09/27/20230927232926-75ee5b34.jpg','2023-09-28 00:00:00.000000'),(425,'MIT好強!新一代智販機 吃到熱騰騰台灣美食','MIT好強!新一代智販機 吃到熱騰騰台灣美食','https://cc.tvbs.com.tw/img/upload/2023/09/28/20230928152629-7382d6eb.jpg','2023-09-28 00:00:00.000000'),(426,'昔鬧「魚死網破」　羅智強今喊當朱立倫後盾','昔鬧「魚死網破」　羅智強今喊當朱立倫後盾','https://cc.tvbs.com.tw/img/upload/2023/09/27/20230927232921-76b76dd3.jpg','2023-09-28 00:00:00.000000'),(427,'國一3車連環撞！　幼童腿骨折孕婦驚嚇送醫','國一3車連環撞！　幼童腿骨折孕婦驚嚇送醫','https://cc.tvbs.com.tw/img/upload/2023/09/27/20230927231424-903cf772.jpg','2023-09-28 00:00:00.000000'),(428,'看啥？　歡歌後等車爆衝突只因進場客太吵','看啥？　歡歌後等車爆衝突只因進場客太吵','https://cc.tvbs.com.tw/img/upload/2023/09/27/20230927231426-bea12e6f.jpg','2023-09-28 00:00:00.000000'),(429,'死傷風險丟給消防員！　無良廠商罰錢沒在怕基層盼加課刑事責任','死傷風險丟給消防員！　無良廠商罰錢沒在怕基層盼加課刑事責任','https://cc.tvbs.com.tw/img/upload/2023/09/27/20230927224539-677c1cdf.jpg','2023-09-28 00:00:00.000000'),(430,'日本職場壓力大！　終身雇用制換工作難','日本職場壓力大！　終身雇用制換工作難','https://cc.tvbs.com.tw/img/upload/2023/09/27/20230927224517-0d221a72.jpg','2023-09-28 00:00:00.000000'),(431,'想吃正宗椒麻雞！男「飛泰國點不到」　內行吐真相：去錯國家','想吃正宗椒麻雞！男「飛泰國點不到」　內行吐真相：去錯國家','https://cc.tvbs.com.tw/img/upload/2023/09/27/20230927225437-731f794b.jpg','2023-09-28 00:00:00.000000'),(432,'VR應用消防訓練！　虛擬世界培養基本功','VR應用消防訓練！　虛擬世界培養基本功','https://cc.tvbs.com.tw/img/upload/2023/09/27/20230927224532-d798b876.jpg','2023-09-28 00:00:00.000000'),(433,'出現症狀！　聽從醫囑做「這件事」延緩進入「初老階段」','出現症狀！　聽從醫囑做「這件事」延緩進入「初老階段」','https://cc.tvbs.com.tw/img/upload/2023/09/27/20230927224522-f7b4e40e.jpg','2023-09-28 00:00:00.000000'),(434,'國軍「監控」情資何來？　偵照、通訊衛星未來也能「自主」？','國軍「監控」情資何來？　偵照、通訊衛星未來也能「自主」？','https://cc.tvbs.com.tw/img/upload/2023/09/27/20230927222759-b87113f9.jpg','2023-09-28 00:00:00.000000'),(435,'租屋黑市半透明化？　內政部稱掌握4成租約逼出逃漏稅房東還有招？','租屋黑市半透明化？　內政部稱掌握4成租約逼出逃漏稅房東還有招？','https://cc.tvbs.com.tw/img/upload/2023/09/27/20230927222806-7b058f36.jpg','2023-09-28 00:00:00.000000'),(436,'飲食控制還是胖？　盤點兒童肥胖「隱藏地雷」','飲食控制還是胖？　盤點兒童肥胖「隱藏地雷」','https://cc.tvbs.com.tw/img/upload/2023/09/27/20230927222750-f88de003.jpg','2023-09-28 00:00:00.000000'),(437,'男生「約砲1穿搭」超常見　内行秒懂曝真相','男生「約砲1穿搭」超常見　内行秒懂曝真相','https://cc.tvbs.com.tw/img/upload/2023/09/27/20230927212708-e21e76f1.jpg','2023-09-28 00:00:00.000000'),(438,'詐團打同情牌纏身！他「狂編慘澹人生」反制　對方懵：你認真？','詐團打同情牌纏身！他「狂編慘澹人生」反制　對方懵：你認真？','https://cc.tvbs.com.tw/img/upload/2023/09/02/20230902231554-a96de2f7.jpg','2023-09-28 00:00:00.000000'),(439,'大陸一個月通3條高鐵　福州廈門「1小時生活圈」','大陸一個月通3條高鐵　福州廈門「1小時生活圈」','https://cc.tvbs.com.tw/img/upload/2023/09/27/20230927220242-bf766935.jpg','2023-09-28 00:00:00.000000'),(440,'37歲頂大工程師想婚了！不看外表「只要2條件」　全場砲轟：難怪單身','37歲頂大工程師想婚了！不看外表「只要2條件」　全場砲轟：難怪單身','https://cc.tvbs.com.tw/img/upload/2022/05/09/20220509204504-14987cd1.jpg','2023-09-28 00:00:00.000000'),(441,'瓦格納重返巴赫姆特　烏軍出動「吸血鬼」偷襲轟炸','瓦格納重返巴赫姆特　烏軍出動「吸血鬼」偷襲轟炸','https://cc.tvbs.com.tw/img/upload/2023/09/27/20230927215741-af4dfed8.jpg','2023-09-28 00:00:00.000000'),(442,'俄軍方大玩「障眼法」？　黑海艦隊指揮官生死成謎','俄軍方大玩「障眼法」？　黑海艦隊指揮官生死成謎','https://cc.tvbs.com.tw/img/upload/2023/09/27/20230927220012-46aae300.jpg','2023-09-28 00:00:00.000000'),(443,'明揚爆炸釀9死！檢警兵分四路搜索　董座600萬、總經理500萬交保','明揚爆炸釀9死！檢警兵分四路搜索　董座600萬、總經理500萬交保','https://cc.tvbs.com.tw/img/upload/2023/09/26/20230926174351-754bed31.jpg','2023-09-28 00:00:00.000000'),(444,'未戰先傷！李孟遠「遲到」遭扣2分、獲第五名','未戰先傷！李孟遠「遲到」遭扣2分、獲第五名','https://cc.tvbs.com.tw/img/upload/2023/09/27/20230927214529-ff8fa03d.jpg','2023-09-28 00:00:00.000000'),(445,'提早上路！中秋連假明晚湧車潮　國5恐「白天塞到深夜」','提早上路！中秋連假明晚湧車潮　國5恐「白天塞到深夜」','https://cc.tvbs.com.tw/img/upload/2023/09/27/20230927215942-79b71b4f.jpg','2023-09-28 00:00:00.000000'),(446,'串接北北基桃！　新北捷運將增51公里、48車站','串接北北基桃！　新北捷運將增51公里、48車站','https://cc.tvbs.com.tw/img/upload/2023/09/27/20230927214522-64ddc7cc.jpg','2023-09-28 00:00:00.000000'),(447,'台灣燒肉商機超過200億！　疫後餐飲業回溫燒肉更夯','台灣燒肉商機超過200億！　疫後餐飲業回溫燒肉更夯','https://cc.tvbs.com.tw/img/upload/2023/09/27/20230927214536-d1b5fd6f.jpg','2023-09-28 00:00:00.000000'),(448,'杭州亞運／重頭戲明登場！戴資穎亞運最後一舞　李智凱拚鞍馬連霸','杭州亞運／重頭戲明登場！戴資穎亞運最後一舞　李智凱拚鞍馬連霸','https://cc.tvbs.com.tw/img/upload/2023/09/27/20230927214956-ae6514cc.jpg','2023-09-28 00:00:00.000000'),(449,'杭州亞運／不敵上屆金牌！張煥宜睽違21年奪武術散打銅牌','杭州亞運／不敵上屆金牌！張煥宜睽違21年奪武術散打銅牌','https://cc.tvbs.com.tw/img/upload/2023/09/27/20230927214252-d39742f7.jpg','2023-09-28 00:00:00.000000'),(450,'秋冬不好過！病毒細菌恐雙重夾擊　醫：「免疫負債」還沒完','秋冬不好過！病毒細菌恐雙重夾擊　醫：「免疫負債」還沒完','https://cc.tvbs.com.tw/img/upload/2022/12/13/20221213224720-8613eced.jpg','2023-09-28 00:00:00.000000'),(451,'遭快艇吸捲「全身撕裂」！情侶血染芭達雅　螺旋槳絞斷身慘死','遭快艇吸捲「全身撕裂」！情侶血染芭達雅　螺旋槳絞斷身慘死','https://cc.tvbs.com.tw/img/upload/2023/09/27/20230927213058-ea743d87.jpg','2023-09-28 00:00:00.000000'),(452,'不一樣的國慶升旗！　張善政化身Q版升旗手','不一樣的國慶升旗！　張善政化身Q版升旗手','https://cc.tvbs.com.tw/img/upload/2023/09/27/20230927204925-2f3c800d.jpg','2023-09-28 00:00:00.000000'),(453,'桃機「全球最好吃機場」第3名　300萬元抵用券限量發送','桃機「全球最好吃機場」第3名　300萬元抵用券限量發送','https://cc.tvbs.com.tw/img/upload/2023/09/27/20230927204218-b722c56c.jpg','2023-09-28 00:00:00.000000'),(454,'疫後產業復甦！111年解僱資遣退離職場　占比寫6年新低','疫後產業復甦！111年解僱資遣退離職場　占比寫6年新低','https://cc.tvbs.com.tw/img/upload/2023/09/27/20230927203325-5fe77065.jpg','2023-09-28 00:00:00.000000'),(455,'黃韻玲不藏了！愛兒罕見露面帥成這樣　組團竟叫「阿玲娘」','黃韻玲不藏了！愛兒罕見露面帥成這樣　組團竟叫「阿玲娘」','https://cc.tvbs.com.tw/img/upload/2023/09/27/20230927210659-c53cb3ff.jpg','2023-09-28 00:00:00.000000'),(456,'快訊／自強號驚傳恐怖意外！75歲男「疑越軌遭擦撞」','快訊／自強號驚傳恐怖意外！75歲男「疑越軌遭擦撞」','https://cc.tvbs.com.tw/img/upload/2023/07/24/20230724094822-496b1349.jpg','2023-09-28 00:00:00.000000'),(457,'老公蹲廁所1小時求妻裝冷氣　全場聽原因「搖頭變點頭」：快裝','老公蹲廁所1小時求妻裝冷氣　全場聽原因「搖頭變點頭」：快裝','https://cc.tvbs.com.tw/img/upload/2023/07/15/20230715113640-a58624ba.jpg','2023-09-28 00:00:00.000000'),(458,'日本伴手禮「9成過譽」？他失望點名1品牌：吃完再也不買','日本伴手禮「9成過譽」？他失望點名1品牌：吃完再也不買','https://cc.tvbs.com.tw/img/upload/2023/09/13/20230913110107-4aac71a0.jpg','2023-09-28 00:00:00.000000'),(459,'杭州亞運／桌球混雙大爆冷！不敵泰國慘敗　陳思羽：體力負荷大','杭州亞運／桌球混雙大爆冷！不敵泰國慘敗　陳思羽：體力負荷大','https://cc.tvbs.com.tw/img/upload/2023/09/27/20230927202230-12d2b2f7.jpg','2023-09-28 00:00:00.000000'),(460,'要變天了！連假天氣一圖看懂　下週「有2、3個颱風生成訊號」','要變天了！連假天氣一圖看懂　下週「有2、3個颱風生成訊號」','https://cc.tvbs.com.tw/img/upload/2023/09/27/20230927200846-253ef5d4.jpg','2023-09-28 00:00:00.000000'),(461,'上演內戰？　亞運網球女雙中華隊2組合進4強','上演內戰？　亞運網球女雙中華隊2組合進4強','https://cc.tvbs.com.tw/img/upload/2023/09/27/20230927201315-52e431d4.jpg','2023-09-28 00:00:00.000000'),(462,'女星才被求婚成功！與未婚夫就產「愛的結晶」　見岳父爽收勞力士','女星才被求婚成功！與未婚夫就產「愛的結晶」　見岳父爽收勞力士','https://cc.tvbs.com.tw/img/upload/2023/09/27/20230927200758-69f4b684.jpg','2023-09-28 00:00:00.000000'),(463,'婦騎警車遭拍下　原來她是修車行闆娘','婦騎警車遭拍下　原來她是修車行闆娘','https://cc.tvbs.com.tw/img/upload/2023/09/27/20230927194357-baa97a01.jpg','2023-09-28 00:00:00.000000'),(464,'蝦子、烏龜、掃把　「寄藥包」年代「蝦龜掃」氣喘藥','蝦子、烏龜、掃把　「寄藥包」年代「蝦龜掃」氣喘藥','https://cc.tvbs.com.tw/img/upload/2023/09/27/20230927193631-1c3408e1.jpg','2023-09-28 00:00:00.000000'),(465,'果粉等3年！　Apple地圖「360度環視」拚Google','果粉等3年！　Apple地圖「360度環視」拚Google','https://cc.tvbs.com.tw/img/upload/2023/09/27/20230927194402-8acd8d1b.jpg','2023-09-28 00:00:00.000000'),(466,'杭州亞運／網球男雙闖4強！中華隊再傳捷報　莊吉生、許育修「保底銅牌」','杭州亞運／網球男雙闖4強！中華隊再傳捷報　莊吉生、許育修「保底銅牌」','https://cc.tvbs.com.tw/img/upload/2023/09/27/20230927195816-d23e423d.jpg','2023-09-28 00:00:00.000000'),(467,'「民進黨獨裁！」　創黨元老:新潮流如哥吉拉','「民進黨獨裁！」　創黨元老:新潮流如哥吉拉','https://cc.tvbs.com.tw/img/upload/2023/09/27/20230927193616-ab21366f.jpg','2023-09-28 00:00:00.000000'),(468,'突喊要斷捨離！畢書盡無預警宣布「好消息」：告別過去的困惑','突喊要斷捨離！畢書盡無預警宣布「好消息」：告別過去的困惑','https://cc.tvbs.com.tw/img/upload/2023/09/27/20230927195705-ef87c792.jpg','2023-09-28 00:00:00.000000'),(469,'1隻恐毒死全家！他手握「奪命斑點章魚」　全場超慌：吃了秒投胎','1隻恐毒死全家！他手握「奪命斑點章魚」　全場超慌：吃了秒投胎','https://cc.tvbs.com.tw/img/upload/2023/09/27/20230927194809-921a604f.jpg','2023-09-28 00:00:00.000000'),(470,'60歲婦信巫術入魔！X光驚見「全身插滿針」　醫嘆：到死也不拔','60歲婦信巫術入魔！X光驚見「全身插滿針」　醫嘆：到死也不拔','https://cc.tvbs.com.tw/img/upload/2023/03/30/20230330222707-1226193b.jpg','2023-09-28 00:00:00.000000'),(471,'暴走警「巴掌甩死路人」！車燈太亮爆衝突　印離奇命案惹議','暴走警「巴掌甩死路人」！車燈太亮爆衝突　印離奇命案惹議','https://cc.tvbs.com.tw/img/upload/2023/09/27/20230927193744-5136ea5e.jpg','2023-09-28 00:00:00.000000'),(472,'騙光光！網拍無法下單　賣家上百萬沒了','騙光光！網拍無法下單　賣家上百萬沒了','https://cc.tvbs.com.tw/img/upload/2023/09/27/20230927193626-7fa6708f.jpg','2023-09-28 00:00:00.000000'),(473,'我家孩子不上學！日本結合醫學　解決「不登校」','我家孩子不上學！日本結合醫學　解決「不登校」','https://cc.tvbs.com.tw/img/upload/2023/05/08/20230508155903-35239122.jpg','2023-09-28 00:00:00.000000'),(474,'五臟廟的力量！倫敦餐廳推「外來物種餐」救生態平衡','五臟廟的力量！倫敦餐廳推「外來物種餐」救生態平衡','https://cc.tvbs.com.tw/img/upload/2023/09/27/20230927182922-9f938879.jpg','2023-09-28 00:00:00.000000'),(475,'拜登赴罷工現場聲援　籲車廠加薪40%　6成民眾挺罷工','拜登赴罷工現場聲援　籲車廠加薪40%　6成民眾挺罷工','https://cc.tvbs.com.tw/img/_data/i/upload/2023/09/27/20230927184319-30be7c16-me.jpg','2023-09-28 00:00:00.000000'),(476,'不怕被「黨紀」？傳藍營要角暗助郭連署','不怕被「黨紀」？傳藍營要角暗助郭連署','https://cc.tvbs.com.tw/img/upload/2023/09/27/20230927193606-2c81b731.jpg','2023-09-28 00:00:00.000000'),(477,'抗暖不力侵人權！6葡萄牙年輕人　告歐洲32國','抗暖不力侵人權！6葡萄牙年輕人　告歐洲32國','https://cc.tvbs.com.tw/img/upload/2021/07/12/20210712132607-6b828393.jpg','2023-09-28 00:00:00.000000'),(478,'物價漲　法國人省著過！生活用品「賣不動」','物價漲　法國人省著過！生活用品「賣不動」','https://cc.tvbs.com.tw/img/upload/2023/09/18/20230918181142-f52f5cea.jpg','2023-09-28 00:00:00.000000'),(479,'誰在室內放煙火？伊拉克婚宴大火.過百亡 ','誰在室內放煙火？伊拉克婚宴大火.過百亡 ','https://cc.tvbs.com.tw/img/upload/2023/09/27/20230927122021-b7ef4394.jpg','2023-09-28 00:00:00.000000'),(480,'搶立院龍頭　藍推韓國瑜「列不分區第一」','搶立院龍頭　藍推韓國瑜「列不分區第一」','https://cc.tvbs.com.tw/img/upload/2023/09/27/20230927193608-7680a024.jpg','2023-09-28 00:00:00.000000'),(481,'全國失蹤破2萬人！協尋「無法源依據」　警無奈當做功德','全國失蹤破2萬人！協尋「無法源依據」　警無奈當做功德','https://cc.tvbs.com.tw/img/upload/2023/09/27/20230927193052-e268b33a.jpg','2023-09-28 00:00:00.000000'),(482,'換車道險撞！駕駛、騎士「互按喇叭」下車開打','換車道險撞！駕駛、騎士「互按喇叭」下車開打','https://cc.tvbs.com.tw/img/upload/2023/09/27/20230927192120-ff450bc6.jpg','2023-09-28 00:00:00.000000'),(483,'讓路遭疑「擋路」　女控腳踏車騎士蓄意衝撞','讓路遭疑「擋路」　女控腳踏車騎士蓄意衝撞','https://cc.tvbs.com.tw/img/upload/2023/09/27/20230927192127-3bbe78d8.jpg','2023-09-28 00:00:00.000000'),(484,'法官裁定詐欺！川普「幻想世界」 資產超膨風','法官裁定詐欺！川普「幻想世界」 資產超膨風','https://cc.tvbs.com.tw/img/upload/2023/09/16/20230916143716-e74a8e2f.jpg','2023-09-28 00:00:00.000000'),(485,'駕駛拒檢兩度撞警　嚇躲停車場「剉咧等」','駕駛拒檢兩度撞警　嚇躲停車場「剉咧等」','https://cc.tvbs.com.tw/img/upload/2023/09/27/20230927190145-4b79e707.jpg','2023-09-28 00:00:00.000000'),(486,'食慾全消！赴大阪吃燒烤　疑「回收牛肉」再用','食慾全消！赴大阪吃燒烤　疑「回收牛肉」再用','https://cc.tvbs.com.tw/img/upload/2023/09/27/20230927192151-349001e5.jpg','2023-09-28 00:00:00.000000'),(487,'男酒駕快艇衝撞8歲男童！家屬控警吃案','男酒駕快艇衝撞8歲男童！家屬控警吃案','https://cc.tvbs.com.tw/img/upload/2023/09/27/20230927192113-d0ad50f8.jpg','2023-09-28 00:00:00.000000'),(488,'是來吃飯還是看畫？老宅改造添異國風','是來吃飯還是看畫？老宅改造添異國風','https://cc.tvbs.com.tw/img/upload/2023/09/27/20230927154533-ba46c2ed.jpg','2023-09-28 00:00:00.000000'),(489,'由偷變搶！　近百歲翁遭推倒損失68萬白銀','由偷變搶！　近百歲翁遭推倒損失68萬白銀','https://cc.tvbs.com.tw/img/upload/2023/09/27/20230927192135-0aa6b085.jpg','2023-09-28 00:00:00.000000'),(490,'羅一鈞爬屋頂查登革熱！「無防護」立委批作秀　2部長輪番電話提醒','羅一鈞爬屋頂查登革熱！「無防護」立委批作秀　2部長輪番電話提醒','https://cc.tvbs.com.tw/img/upload/2023/09/27/20230927184447-a898960e.jpg','2023-09-28 00:00:00.000000'),(491,'噁！買到發臭黑蛋「質疑進口過期蛋」！高市衛生局前往稽查','噁！買到發臭黑蛋「質疑進口過期蛋」！高市衛生局前往稽查','https://cc.tvbs.com.tw/img/upload/2023/09/27/20230927192142-cb9cd9d7.jpg','2023-09-28 00:00:00.000000'),(492,'南崗二路違停五單位開單　警澄清：檢舉案','南崗二路違停五單位開單　警澄清：檢舉案','https://cc.tvbs.com.tw/img/upload/2023/09/27/20230927190130-9db13732.jpg','2023-09-28 00:00:00.000000'),(493,'調運動姿勢「痠痛改善」！教練IG發文卻挨罰5萬','調運動姿勢「痠痛改善」！教練IG發文卻挨罰5萬','https://cc.tvbs.com.tw/img/upload/2023/09/27/20230927182709-4c3e853f.jpg','2023-09-28 00:00:00.000000'),(494,'誇張！北斗夜市攤販當莊家　擺「骰寶」公然聚賭','誇張！北斗夜市攤販當莊家　擺「骰寶」公然聚賭','https://cc.tvbs.com.tw/img/upload/2023/09/27/20230927190132-e7c32d8b.jpg','2023-09-28 00:00:00.000000'),(495,'昨傳被殺俄黑海司令現身　CIA專家：影片可能造假','昨傳被殺俄黑海司令現身　CIA專家：影片可能造假','https://cc.tvbs.com.tw/img/upload/2023/09/27/20230927171643-76d00273.jpg','2023-09-28 00:00:00.000000'),(496,'入秋流感注意！醫曝「不喜歡病人喝牛奶」　點名1類人不要碰','入秋流感注意！醫曝「不喜歡病人喝牛奶」　點名1類人不要碰','https://cc.tvbs.com.tw/img/upload/2023/09/27/20230927184327-c396e115.jpg','2023-09-28 00:00:00.000000'),(497,'歐美演出「宣布取消」！蔡依林道歉　兩字回新輯進度記者「蛤聲四起」','歐美演出「宣布取消」！蔡依林道歉　兩字回新輯進度記者「蛤聲四起」','https://cc.tvbs.com.tw/img/upload/2023/09/27/20230927182719-467208b8.jpg','2023-09-28 00:00:00.000000'),(498,'陸軍赴帛琉試射愛三？！專家：台灣扮「觀察員」','陸軍赴帛琉試射愛三？！專家：台灣扮「觀察員」','https://cc.tvbs.com.tw/img/upload/2023/09/27/20230927182711-98a3a67f.jpg','2023-09-28 00:00:00.000000'),(499,'明揚大火地方中央負責？林右昌回藍委：我沒辦法做裁判官','明揚大火地方中央負責？林右昌回藍委：我沒辦法做裁判官','https://cc.tvbs.com.tw/img/upload/2023/09/27/20230927191108-4eeb2bbc.jpg','2023-09-28 00:00:00.000000'),(500,'爆炸6日尋失聯傅姓班長！節省時間辨識　禮儀師進駐','爆炸6日尋失聯傅姓班長！節省時間辨識　禮儀師進駐','https://cc.tvbs.com.tw/img/upload/2023/09/27/20230927190157-56808be8.jpg','2023-09-28 00:00:00.000000'),(501,'孟耿如停工後首露面！瘦成紙片人　談黃子佼變奶爸','孟耿如停工後首露面！瘦成紙片人　談黃子佼變奶爸','https://cc.tvbs.com.tw/img/upload/2023/09/27/20230927182721-900840b8.jpg','2023-09-28 00:00:00.000000'),(502,'誤把出口當入口！65歲阿北逆上國四　對撞休旅車','誤把出口當入口！65歲阿北逆上國四　對撞休旅車','https://cc.tvbs.com.tw/img/upload/2023/09/27/20230927190150-f8641ffc.jpg','2023-09-28 00:00:00.000000'),(503,'觀點／韓國瑜真能多百萬票？當「桶箍」還列不分區　國民黨真要想清楚','觀點／韓國瑜真能多百萬票？當「桶箍」還列不分區　國民黨真要想清楚','https://cc.tvbs.com.tw/img/upload/2023/09/27/20230927191724-34fd6d59.jpg','2023-09-28 00:00:00.000000'),(504,'北歐東歐因暴雨成災　加國野火煙霧飄到格陵蘭','北歐東歐因暴雨成災　加國野火煙霧飄到格陵蘭','https://cc.tvbs.com.tw/img/upload/2023/09/27/20230927172820-e3f5b01c.jpg','2023-09-28 00:00:00.000000'),(505,'為討5萬！帶菜刀赴約　躲車內叫囂還砍人','為討5萬！帶菜刀赴約　躲車內叫囂還砍人','https://cc.tvbs.com.tw/img/upload/2023/09/27/20230927184452-1b38bdcd.jpg','2023-09-28 00:00:00.000000'),(506,'瑪莎案和解破裂！　父稱願賠700萬分期10幾年還','瑪莎案和解破裂！　父稱願賠700萬分期10幾年還','https://cc.tvbs.com.tw/img/upload/2023/09/27/20230927191112-24168be0.jpg','2023-09-28 00:00:00.000000'),(507,'真的有「公主病」她「纖維肌痛症」被誤以為裝病詐保費','真的有「公主病」她「纖維肌痛症」被誤以為裝病詐保費','https://cc.tvbs.com.tw/img/upload/2023/09/27/20230927191235-b973fc8b.jpg','2023-09-28 00:00:00.000000'),(508,'憂成「毒姑」狂做家事躲角落！大嫂1舉暖她心　嘆：誤會了','憂成「毒姑」狂做家事躲角落！大嫂1舉暖她心　嘆：誤會了','https://cc.tvbs.com.tw/img/upload/2022/11/15/20221115180552-6706d51a.jpg','2023-09-28 00:00:00.000000'),(509,'亞運最年輕金牌！　大陸13歲崔宸曦街式滑板摘金','亞運最年輕金牌！　大陸13歲崔宸曦街式滑板摘金','https://cc.tvbs.com.tw/img/upload/2023/09/27/20230927185638-1421bab6.jpg','2023-09-28 00:00:00.000000'),(510,'議會大亂鬥！　綠佔發言台：叫侯友宜來報告','議會大亂鬥！　綠佔發言台：叫侯友宜來報告','https://cc.tvbs.com.tw/img/upload/2023/09/27/20230927184438-2d82959c.jpg','2023-09-28 00:00:00.000000'),(511,'砸錢買臉書廣告！總統參選人排行曝光　他0花費遭酸「窮鬼戰法」','砸錢買臉書廣告！總統參選人排行曝光　他0花費遭酸「窮鬼戰法」','https://cc.tvbs.com.tw/img/upload/2023/09/19/20230919084040-9ac23fad.jpg','2023-09-28 00:00:00.000000'),(512,'「都更孤島」奇景！遭新大樓夾殺求售「重建難」','「都更孤島」奇景！遭新大樓夾殺求售「重建難」','https://cc.tvbs.com.tw/img/upload/2023/09/27/20230927184421-fe46f035.jpg','2023-09-28 00:00:00.000000'),(513,'TVBS民調賴34%居冠　柯22%.侯21%.郭9%','TVBS民調賴34%居冠　柯22%.侯21%.郭9%','https://cc.tvbs.com.tw/img/upload/2023/09/27/20230927184431-dd221035.jpg','2023-09-28 00:00:00.000000'),(514,'亞運中華棒球夢幻陣容練習賽10：3輾壓「中國隊」','亞運中華棒球夢幻陣容練習賽10：3輾壓「中國隊」','https://cc.tvbs.com.tw/img/upload/2023/09/27/20230927184423-e514e7a2.jpg','2023-09-28 00:00:00.000000'),(515,'外媒曝恒大老董被抓　許家印被上手銬腳鐐','外媒曝恒大老董被抓　許家印被上手銬腳鐐','https://cc.tvbs.com.tw/img/upload/2023/09/27/20230927165615-b4892e28.jpg','2023-09-28 00:00:00.000000'),(516,'角頭「高斤」告別式高市警動員150人站崗！逮1通緝犯','角頭「高斤」告別式高市警動員150人站崗！逮1通緝犯','https://cc.tvbs.com.tw/img/upload/2023/09/27/20230927182650-64d51e9a.jpg','2023-09-28 00:00:00.000000'),(517,'日8人小島「上百山豬成霸主」！專家驚吐：本島游來的','日8人小島「上百山豬成霸主」！專家驚吐：本島游來的','https://cc.tvbs.com.tw/img/upload/2023/09/27/20230927183753-7ba361f4.jpg','2023-09-28 00:00:00.000000'),(518,'中秋賞月「夯肉」營養師教你這三招躲警報','中秋賞月「夯肉」營養師教你這三招躲警報','https://cc.tvbs.com.tw/img/upload/2023/09/27/20230927184426-ad40674c.jpg','2023-09-28 00:00:00.000000'),(519,'樂團主唱爆偷吃酒店小姐歌迷！　「H級核彈人妻」認了：分居中','樂團主唱爆偷吃酒店小姐歌迷！　「H級核彈人妻」認了：分居中','https://cc.tvbs.com.tw/img/upload/2023/09/27/20230927185255-8e4237bc.jpg','2023-09-28 00:00:00.000000'),(520,'騎樓天花板突塌「鋼筋露」！砸中三輛機車','騎樓天花板突塌「鋼筋露」！砸中三輛機車','https://cc.tvbs.com.tw/img/upload/2023/09/27/20230927182643-aee4cdb2.jpg','2023-09-28 00:00:00.000000'),(521,'iPhone15出貨高峰期　和碩印度廠火災暫時停工','iPhone15出貨高峰期　和碩印度廠火災暫時停工','https://cc.tvbs.com.tw/img/upload/2023/09/23/20230923132455-3915485d.jpg','2023-09-28 00:00:00.000000'),(522,'賴清德想請習喝珍奶　國台辦：別講「賴皮話」','賴清德想請習喝珍奶　國台辦：別講「賴皮話」','https://cc.tvbs.com.tw/img/upload/2023/09/27/20230927165058-a75f68e3.jpg','2023-09-28 00:00:00.000000'),(523,'桃園木工自學製毒！靠「製毒筆記本」賺錢　爽開998萬BMW','桃園木工自學製毒！靠「製毒筆記本」賺錢　爽開998萬BMW','https://cc.tvbs.com.tw/img/upload/2023/09/27/20230927180933-caa58dbc.jpg','2023-09-28 00:00:00.000000'),(524,'麻辣滷味2店面突收攤！　郭靜坦言競爭大：改型態開放加盟','麻辣滷味2店面突收攤！　郭靜坦言競爭大：改型態開放加盟','https://cc.tvbs.com.tw/img/upload/2023/09/27/20230927182657-ed2b4f61.jpg','2023-09-28 00:00:00.000000'),(525,'炸傷林姓消防員堅強比讚！縣長周春米探視回「愛心」','炸傷林姓消防員堅強比讚！縣長周春米探視回「愛心」','https://cc.tvbs.com.tw/img/upload/2023/09/27/20230927182638-549dd1e0.jpg','2023-09-28 00:00:00.000000'),(526,'阮經天崩潰！遭陳以文「一刀狠剪」狗啃頭　認：我不想做了','阮經天崩潰！遭陳以文「一刀狠剪」狗啃頭　認：我不想做了','https://cc.tvbs.com.tw/img/upload/2023/09/27/20230927183623-728ea31c.jpg','2023-09-28 00:00:00.000000'),(527,'國際分析/第三突擊旅佈防巴赫姆特 牽制俄軍烏東戰場守望者','國際分析/第三突擊旅佈防巴赫姆特 牽制俄軍烏東戰場守望者','https://cc.tvbs.com.tw/img/upload/2023/06/05/20230605120741-d178ff6a.jpg','2023-09-28 00:00:00.000000'),(528,'快訊／美大兵越界闖北韓被捕　朝中社：將驅逐出境','快訊／美大兵越界闖北韓被捕　朝中社：將驅逐出境','https://cc.tvbs.com.tw/img/upload/2023/08/17/20230817220603-5bcb8067.jpg','2023-09-28 00:00:00.000000'),(529,'腳摔傷坐博愛座！墨鏡伯踢鞋「英文逼讓位」　她心寒：之前都會讓','腳摔傷坐博愛座！墨鏡伯踢鞋「英文逼讓位」　她心寒：之前都會讓','https://cc.tvbs.com.tw/img/upload/2023/09/27/20230927175805-10c9fd4c.jpg','2023-09-28 00:00:00.000000'),(530,'中日韓三方代表達成共識 領袖峰會年底舉行','中日韓三方代表達成共識 領袖峰會年底舉行','https://cc.tvbs.com.tw/img/upload/2023/09/27/20230927144620-5ca11212.jpg','2023-09-28 00:00:00.000000'),(531,'杭州亞運／英雄聯盟中華隊直落二勝大馬　明贏越南即保底銀牌','杭州亞運／英雄聯盟中華隊直落二勝大馬　明贏越南即保底銀牌','https://cc.tvbs.com.tw/img/upload/2023/09/27/20230927191426-73645558.jpg','2023-09-28 00:00:00.000000'),(532,'NHK忍痛宣布切割！　跨年紅白歌合戰看不到傑尼斯藝人','NHK忍痛宣布切割！　跨年紅白歌合戰看不到傑尼斯藝人','https://cc.tvbs.com.tw/img/upload/2023/09/13/20230913141429-8dd34c79.jpg','2023-09-28 00:00:00.000000'),(533,'杭州亞運／北韓美女選手出遊照登熱搜　陸網讚：完勝南韓加工臉','杭州亞運／北韓美女選手出遊照登熱搜　陸網讚：完勝南韓加工臉','https://cc.tvbs.com.tw/img/upload/2023/09/27/20230927180220-bf71b0b0.jpg','2023-09-28 00:00:00.000000'),(534,'8月景氣燈號「連10藍」　最壞情況已過Ｑ4有望轉燈號','8月景氣燈號「連10藍」　最壞情況已過Ｑ4有望轉燈號','https://cc.tvbs.com.tw/img/upload/2023/09/27/20230927180807-c7e2e105.jpg','2023-09-28 00:00:00.000000'),(535,'蔣萬安又跳舞了！　化身「山道猴子」親演舞台劇','蔣萬安又跳舞了！　化身「山道猴子」親演舞台劇','https://cc.tvbs.com.tw/img/upload/2023/09/27/20230927175851-b0749d66.jpg','2023-09-28 00:00:00.000000'),(536,'五億的浮沉台船宏升號抵台 「這艘船要蓋樓房丟入海裡」','五億的浮沉台船宏升號抵台 「這艘船要蓋樓房丟入海裡」','https://cc.tvbs.com.tw/img/upload/2023/09/27/20230927151906-44ef7d4d.jpg','2023-09-28 00:00:00.000000'),(537,'國道A1車禍不斷 中秋連假前大稽查 查獲23件違規','國道A1車禍不斷 中秋連假前大稽查 查獲23件違規','https://cc.tvbs.com.tw/img/upload/2023/09/27/20230927161319-2186f706.jpg','2023-09-28 00:00:00.000000'),(538,'楊勇緯亞運摘金！鄉親盼新路命名「勇緯路」　本人低調回應了','楊勇緯亞運摘金！鄉親盼新路命名「勇緯路」　本人低調回應了','https://cc.tvbs.com.tw/img/upload/2023/09/27/20230927164103-9a0f61f7.jpg','2023-09-28 00:00:00.000000'),(539,'卦山法拍市集10/3開賣 美式機車 紫砂壺搶好康 ','卦山法拍市集10/3開賣 美式機車 紫砂壺搶好康 ','https://cc.tvbs.com.tw/img/upload/2023/09/27/20230927162156-039efc1e.jpg','2023-09-28 00:00:00.000000'),(540,'趙又廷慘被「高圓圓鐵粉」潑水　男星崩潰：我還能見嫂子嗎','趙又廷慘被「高圓圓鐵粉」潑水　男星崩潰：我還能見嫂子嗎','https://cc.tvbs.com.tw/img/upload/2023/09/27/20230927175335-250f2908.jpg','2023-09-28 00:00:00.000000'),(541,'獨／謝祖武快來看！謝展榮遭孫可芳「怒賞巴掌」羞吐追愛秘訣','獨／謝祖武快來看！謝展榮遭孫可芳「怒賞巴掌」羞吐追愛秘訣','https://cc.tvbs.com.tw/img/upload/2023/09/27/20230927175120-dacd729d.jpg','2023-09-28 00:00:00.000000'),(542,'許家印傳遭警軟禁！恒大系股票暴跌　總市值剩最高峰1.2%','許家印傳遭警軟禁！恒大系股票暴跌　總市值剩最高峰1.2%','https://cc.tvbs.com.tw/img/upload/2023/08/18/20230818170222-d4b0b3a7.jpg','2023-09-28 00:00:00.000000'),(543,'家長注意!台東一歲半幼童誤食鈕扣電池 食道腐蝕穿孔','家長注意!台東一歲半幼童誤食鈕扣電池 食道腐蝕穿孔','https://cc.tvbs.com.tw/img/upload/2023/09/27/20230927153939-1980e0e6.jpg','2023-09-28 00:00:00.000000'),(544,'洗刷慶記之都陰霾！蟬聯全國宜居縣市　台中「治安」奪冠','洗刷慶記之都陰霾！蟬聯全國宜居縣市　台中「治安」奪冠','https://cc.tvbs.com.tw/img/upload/2023/09/27/20230927175116-e2276103.jpg','2023-09-28 00:00:00.000000'),(545,'無打鬥或闖入痕跡！美國空姐「嘴塞襪子」詭異陳屍飯店','無打鬥或闖入痕跡！美國空姐「嘴塞襪子」詭異陳屍飯店','https://cc.tvbs.com.tw/img/upload/2023/09/27/20230927173411-2755cf0b.jpg','2023-09-28 00:00:00.000000'),(546,'賴蕭配有譜了？　賴清德鬆口「副手優先挑選女性」','賴蕭配有譜了？　賴清德鬆口「副手優先挑選女性」','https://cc.tvbs.com.tw/img/upload/2023/09/27/20230927174625-b43ce63d.jpg','2023-09-28 00:00:00.000000'),(547,'阿嬤都比妳快！女主持人拚三鐵6小時衝終點　老公見滿身傷重新愛上','阿嬤都比妳快！女主持人拚三鐵6小時衝終點　老公見滿身傷重新愛上','https://cc.tvbs.com.tw/img/upload/2023/09/27/20230927174220-abd2c803.jpg','2023-09-28 00:00:00.000000'),(548,'張柏芝「赫本風」經典黑裙現身巴黎　大秀長腿凍齡美貌驚呆','張柏芝「赫本風」經典黑裙現身巴黎　大秀長腿凍齡美貌驚呆','https://cc.tvbs.com.tw/img/upload/2023/09/27/20230927165852-c5094310.jpg','2023-09-28 00:00:00.000000'),(549,'併桌50歲婦被要求「叫姐姐」　妹子尬站原地：別逼我','併桌50歲婦被要求「叫姐姐」　妹子尬站原地：別逼我','https://cc.tvbs.com.tw/img/upload/2023/09/27/20230927174808-1972f11b.jpg','2023-09-28 00:00:00.000000'),(550,'碧潭驚見7旬男浮屍卡天鵝船載浮載沉...背包內留手寫信','碧潭驚見7旬男浮屍卡天鵝船載浮載沉...背包內留手寫信','https://cc.tvbs.com.tw/img/upload/2023/09/27/20230927174259-df5e2417.jpg','2023-09-28 00:00:00.000000'),(551,'喝粥一口吞頸部痛爆！醫一照她嚇傻　「整片排骨」刺破食道','喝粥一口吞頸部痛爆！醫一照她嚇傻　「整片排骨」刺破食道','https://cc.tvbs.com.tw/img/upload/2023/09/27/20230927173458-8b3574cd.jpg','2023-09-28 00:00:00.000000'),(552,'NBA／赴邁阿密夢碎？美媒爆熱火「拒梭哈換小李」：沒他也能進東決','NBA／赴邁阿密夢碎？美媒爆熱火「拒梭哈換小李」：沒他也能進東決','https://cc.tvbs.com.tw/img/upload/2023/09/27/20230927170953-3a16bcde.jpg','2023-09-28 00:00:00.000000'),(553,'大選在即！違法賭盤蠢蠢欲動　警破獲42件、賭資8.9億元','大選在即！違法賭盤蠢蠢欲動　警破獲42件、賭資8.9億元','https://cc.tvbs.com.tw/img/upload/2023/09/27/20230927171344-38cd73ee.jpg','2023-09-28 00:00:00.000000'),(554,'夜市老闆公然攬客聚賭　北斗警分局長扮路人邊逛邊蒐證逮人','夜市老闆公然攬客聚賭　北斗警分局長扮路人邊逛邊蒐證逮人','https://cc.tvbs.com.tw/img/upload/2023/09/27/20230927172723-1634486b.jpg','2023-09-28 00:00:00.000000'),(555,'杭州亞運／武術20歲女將彭羽熙　首度站上亞運舞台收穫多','杭州亞運／武術20歲女將彭羽熙　首度站上亞運舞台收穫多','https://cc.tvbs.com.tw/img/upload/2023/09/27/20230927173159-6b80eea8.jpg','2023-09-28 00:00:00.000000'),(556,'杭州亞運／王振名第4惜無緣武術獎牌　談腰傷一度哽咽','杭州亞運／王振名第4惜無緣武術獎牌　談腰傷一度哽咽','https://cc.tvbs.com.tw/img/upload/2023/09/27/20230927171939-c75fc4fe.jpg','2023-09-28 00:00:00.000000'),(557,'400顆燈籠裝置 月亮造景藝術  中秋呷餅啉茶賞月','400顆燈籠裝置 月亮造景藝術  中秋呷餅啉茶賞月','https://cc.tvbs.com.tw/img/upload/2023/09/27/20230927161016-2428a59b.jpg','2023-09-28 00:00:00.000000'),(558,'外送員捐50元給她！訂單秒現「神力」　友一看打臉：高雄傳說','外送員捐50元給她！訂單秒現「神力」　友一看打臉：高雄傳說','https://cc.tvbs.com.tw/img/upload/2023/09/27/20230927170202-18f09ca6.jpg','2023-09-28 00:00:00.000000'),(559,'杭州亞運／林立開轟！中華隊打線火燙　練習賽10：3勝中國','杭州亞運／林立開轟！中華隊打線火燙　練習賽10：3勝中國','https://cc.tvbs.com.tw/img/upload/2023/09/27/20230927171534-c2af14cb.jpg','2023-09-28 00:00:00.000000'),(560,'杭州亞運／向玉麟快打旋風打進敗部決賽　台灣有望上演金包銀','杭州亞運／向玉麟快打旋風打進敗部決賽　台灣有望上演金包銀','https://cc.tvbs.com.tw/img/upload/2023/09/27/20230927165833-20afa6ab.jpg','2023-09-28 00:00:00.000000'),(561,'慘！景氣燈號「連10藍」低迷　超車金融海嘯紀錄','慘！景氣燈號「連10藍」低迷　超車金融海嘯紀錄','https://cc.tvbs.com.tw/img/upload/2022/11/22/20221122223239-bec42d4c.jpg','2023-09-28 00:00:00.000000'),(562,'朱芯儀按「黃金比例」重建乳房　老公衛斯理一摸羞喊：觸感很棒','朱芯儀按「黃金比例」重建乳房　老公衛斯理一摸羞喊：觸感很棒','https://cc.tvbs.com.tw/img/upload/2023/09/27/20230927164820-ecca011e.jpg','2023-09-28 00:00:00.000000'),(563,'杭州亞運／吳念庭三壘為主帶領年輕選手　稱呼爸爸教練','杭州亞運／吳念庭三壘為主帶領年輕選手　稱呼爸爸教練','https://cc.tvbs.com.tw/img/upload/2023/09/27/20230927164137-f4335d6b.jpg','2023-09-28 00:00:00.000000'),(564,'挑戰最長校名！台南「31字幼兒園」爆紅　她一字不漏贏了','挑戰最長校名！台南「31字幼兒園」爆紅　她一字不漏贏了','https://cc.tvbs.com.tw/img/upload/2023/09/27/20230927170401-13715ecb.jpg','2023-09-28 00:00:00.000000'),(565,'杭州亞運／北韓神秘兩米長人獨得40分　中華女籃首戰14分差輸球','杭州亞運／北韓神秘兩米長人獨得40分　中華女籃首戰14分差輸球','https://cc.tvbs.com.tw/img/_data/i/upload/2023/08/05/20230805174009-107a763f-me.jpg','2023-09-28 00:00:00.000000'),(566,'吳姍儒訪問一半「鄭重回應」嘆不爭氣！　控吳宗憲敷衍：我潑出去的水','吳姍儒訪問一半「鄭重回應」嘆不爭氣！　控吳宗憲敷衍：我潑出去的水','https://cc.tvbs.com.tw/img/upload/2023/09/27/20230927155329-fe946935.jpg','2023-09-28 00:00:00.000000'),(567,'聞鈴聲要讓路被誤會故意擋道　女騎士控單車男惡意衝撞險摔車','聞鈴聲要讓路被誤會故意擋道　女騎士控單車男惡意衝撞險摔車','https://cc.tvbs.com.tw/img/upload/2023/09/27/20230927165606-94a8bd13.jpg','2023-09-28 00:00:00.000000'),(568,'泰勒絲來了！演唱會電影「台灣看得到」　佛心票價曝光網嗨爆','泰勒絲來了！演唱會電影「台灣看得到」　佛心票價曝光網嗨爆','https://cc.tvbs.com.tw/img/upload/2023/08/14/20230814133741-bc9b9279.jpg','2023-09-28 00:00:00.000000'),(569,'快訊／新北女大生才剛分手　今被母發現陳屍浴室「已有屍斑」','快訊／新北女大生才剛分手　今被母發現陳屍浴室「已有屍斑」','https://cc.tvbs.com.tw/img/upload/2023/09/27/20230927165814-6efa6316.jpg','2023-09-28 00:00:00.000000'),(570,'花蓮網美新景點！全台首座「童話小鎮」星巴克明開幕優惠看這','花蓮網美新景點！全台首座「童話小鎮」星巴克明開幕優惠看這','https://cc.tvbs.com.tw/img/upload/2023/09/27/20230927213647-6844a617.jpg','2023-09-28 00:00:00.000000'),(571,'日本最高樓「火炬塔」開工　高390公尺擬2028竣工','日本最高樓「火炬塔」開工　高390公尺擬2028竣工','https://cc.tvbs.com.tw/img/upload/2023/09/27/20230927163457-05db8830.jpg','2023-09-28 00:00:00.000000'),(572,'近視眼入監怎辦？女囚曝美禁戴隱形眼鏡：僅1種人能配鏡','近視眼入監怎辦？女囚曝美禁戴隱形眼鏡：僅1種人能配鏡','https://cc.tvbs.com.tw/img/upload/2023/09/27/20230927164458-e5690f79.jpg','2023-09-28 00:00:00.000000'),(573,'AI即國力！林百里：台廠機會很多　不是只有台積電','AI即國力！林百里：台廠機會很多　不是只有台積電','https://cc.tvbs.com.tw/img/upload/2023/09/27/20230927162714-93d6bed5.jpg','2023-09-28 00:00:00.000000'),(574,'美Reddit論壇推抖內制度！　創作者最多將可拿一半分潤','美Reddit論壇推抖內制度！　創作者最多將可拿一半分潤','https://cc.tvbs.com.tw/img/upload/2023/09/27/20230927163917-50b18957.jpg','2023-09-28 00:00:00.000000'),(575,'正妹coser外遇好友！遭抓包「想不開」　老公崩潰挖出性愛片','正妹coser外遇好友！遭抓包「想不開」　老公崩潰挖出性愛片','https://cc.tvbs.com.tw/img/upload/2023/09/27/20230927160548-5717122a.jpg','2023-09-28 00:00:00.000000'),(576,'北市動物園109歲了！　10月週週有活動還有特色門票','北市動物園109歲了！　10月週週有活動還有特色門票','https://cc.tvbs.com.tw/img/upload/2023/09/27/20230927164624-3474a749.jpg','2023-09-28 00:00:00.000000'),(577,'宜蘭女駕駛「打瞌睡」翻車　婦人路邊停車險被撞：媽祖保佑','宜蘭女駕駛「打瞌睡」翻車　婦人路邊停車險被撞：媽祖保佑','https://cc.tvbs.com.tw/img/upload/2023/09/27/20230927161818-ebf98f62.jpg','2023-09-28 00:00:00.000000'),(578,'「買到臭綠蛋」是假消息？　農業部大動作報警了','「買到臭綠蛋」是假消息？　農業部大動作報警了','https://cc.tvbs.com.tw/img/upload/2023/09/27/20230927164033-75106aa5.jpg','2023-09-28 00:00:00.000000'),(579,'疑犯罪集團內部肅清！墨西哥多地驚見「人類屍塊殘肢」','疑犯罪集團內部肅清！墨西哥多地驚見「人類屍塊殘肢」','https://cc.tvbs.com.tw/img/upload/2023/09/27/20230927163117-70883bac.jpg','2023-09-28 00:00:00.000000'),(580,'永齡捐款3600萬！郭台銘慰問殉職消防員：人力、經費不足','永齡捐款3600萬！郭台銘慰問殉職消防員：人力、經費不足','https://cc.tvbs.com.tw/img/upload/2023/09/27/20230927162132-bb9ba69a.jpg','2023-09-28 00:00:00.000000'),(581,'房產給老大、老么「雜事歸老二」　他心死：是否只能不孝了','房產給老大、老么「雜事歸老二」　他心死：是否只能不孝了','https://cc.tvbs.com.tw/img/upload/2023/02/21/20230221190857-5d5745e8.jpg','2023-09-28 00:00:00.000000'),(582,'外送員不忍了！一單酬勞「最低僅2元」　揚言中秋連罷工3天','外送員不忍了！一單酬勞「最低僅2元」　揚言中秋連罷工3天','https://cc.tvbs.com.tw/img/upload/2023/09/12/20230912115818-6a18a9bb.jpg','2023-09-28 00:00:00.000000'),(583,'北京「認房不認貸」政策將滿月　買氣降溫看房數腰斬','北京「認房不認貸」政策將滿月　買氣降溫看房數腰斬','https://cc.tvbs.com.tw/img/upload/2021/04/12/20210412101104-72e257a5.jpg','2023-09-28 00:00:00.000000'),(584,'中秋連續假期外出人車多　北市「100處重要路口」加強疏導','中秋連續假期外出人車多　北市「100處重要路口」加強疏導','https://cc.tvbs.com.tw/img/upload/2023/09/27/20230927162927-bd649a09.jpg','2023-09-28 00:00:00.000000'),(585,'《愛的榮耀》超炸主視覺公開！八點檔女星驚喊：可以組團出道','《愛的榮耀》超炸主視覺公開！八點檔女星驚喊：可以組團出道','https://cc.tvbs.com.tw/img/upload/2023/09/27/20230927162633-17188e1d.jpg','2023-09-28 00:00:00.000000'),(586,'台史博常設展、AR仙怪　奪美國繆思設計金銀雙獎','台史博常設展、AR仙怪　奪美國繆思設計金銀雙獎','https://cc.tvbs.com.tw/img/upload/2023/09/27/20230927160022-934724b6.jpg','2023-09-28 00:00:00.000000'),(587,'亞運泳賽「裁判突腳滑」！掉進泳池爬上岸　尷尬8秒瘋傳','亞運泳賽「裁判突腳滑」！掉進泳池爬上岸　尷尬8秒瘋傳','https://cc.tvbs.com.tw/img/upload/2023/09/27/20230927162000-4131f2a6.jpg','2023-09-28 00:00:00.000000'),(588,'彰化舊社排水第2期114年完工　投2.2億完成全線整治','彰化舊社排水第2期114年完工　投2.2億完成全線整治','https://cc.tvbs.com.tw/img/upload/2023/09/27/20230927160743-ad9c44cb.jpg','2023-09-28 00:00:00.000000'),(589,'買便當遇闖紅燈賓士！苗栗六旬騎士失呼吸心跳　轉加護治療中','買便當遇闖紅燈賓士！苗栗六旬騎士失呼吸心跳　轉加護治療中','https://cc.tvbs.com.tw/img/upload/2023/09/27/20230927161539-43a49a69.jpg','2023-09-28 00:00:00.000000'),(590,'立委關切消防人力不足　內政部：研議加考和修考題','立委關切消防人力不足　內政部：研議加考和修考題','https://cc.tvbs.com.tw/img/upload/2023/09/27/20230927160341-9ee40548.jpg','2023-09-28 00:00:00.000000'),(591,'正式開鍘！徐耀昌公開挺郭台銘　藍中常會通過開除黨籍','正式開鍘！徐耀昌公開挺郭台銘　藍中常會通過開除黨籍','https://cc.tvbs.com.tw/img/upload/2023/08/10/20230810231541-84e07438.jpg','2023-09-28 00:00:00.000000'),(592,'杭州亞運／梁恩碩、李亞軒晉級4強　中華女網保底2銅入袋','杭州亞運／梁恩碩、李亞軒晉級4強　中華女網保底2銅入袋','https://cc.tvbs.com.tw/img/_data/i/upload/2023/08/04/20230804154527-bcd7567d-me.jpg','2023-09-28 00:00:00.000000'),(593,'日醫院驚傳砍人！7旬病患持刀砍傷2親人後自殘　3人身亡','日醫院驚傳砍人！7旬病患持刀砍傷2親人後自殘　3人身亡','https://cc.tvbs.com.tw/img/upload/2023/09/27/20230927161136-a424d7ad.jpg','2023-09-28 00:00:00.000000'),(594,'電子簽章法修法　唐鳳：10月送政院拚本會期通過','電子簽章法修法　唐鳳：10月送政院拚本會期通過','https://cc.tvbs.com.tw/img/upload/2023/09/27/20230927145559-097b30b0.jpg','2023-09-28 00:00:00.000000'),(595,'8人發票中1000萬！才爽開獎　苦主「1舉動無法領」哭也沒用','8人發票中1000萬！才爽開獎　苦主「1舉動無法領」哭也沒用','https://cc.tvbs.com.tw/img/upload/2022/11/11/20221111183446-4a482f5a.jpg','2023-09-28 00:00:00.000000'),(596,'新北公費流感、肺炎鏈球菌疫苗　10/2起開打','新北公費流感、肺炎鏈球菌疫苗　10/2起開打','https://cc.tvbs.com.tw/img/upload/2023/09/27/20230927150427-4827b99e.jpg','2023-09-28 00:00:00.000000'),(597,'修車引擎傳怪響！掀蓋驚見「2.4M巨蟒」　塞滿車廂蠕動狂竄','修車引擎傳怪響！掀蓋驚見「2.4M巨蟒」　塞滿車廂蠕動狂竄','https://cc.tvbs.com.tw/img/upload/2023/09/27/20230927155005-c1535d7f.jpg','2023-09-28 00:00:00.000000'),(598,'高市翠華路拓寬啟動　40米大道2024年底通車','高市翠華路拓寬啟動　40米大道2024年底通車','https://cc.tvbs.com.tw/img/upload/2023/09/27/20230927151641-b2a15d05.jpg','2023-09-28 00:00:00.000000'),(599,'TVBS民調／進口蛋食安風暴　58%民眾不滿政府處理方式','TVBS民調／進口蛋食安風暴　58%民眾不滿政府處理方式','https://cc.tvbs.com.tw/img/upload/2023/09/27/20230927140034-a5d91fe3.jpg','2023-09-28 00:00:00.000000'),(600,'要價50元豆沙酥「長這樣」超慘烈！店家駁：非專業別要求','要價50元豆沙酥「長這樣」超慘烈！店家駁：非專業別要求','https://cc.tvbs.com.tw/img/upload/2023/09/27/20230927153716-f8fc0794.jpg','2023-09-28 00:00:00.000000'),(601,'李玟這首歌成「最後絕響」！　為它哭到眼腫：妝都白化了','李玟這首歌成「最後絕響」！　為它哭到眼腫：妝都白化了','https://cc.tvbs.com.tw/img/upload/2023/09/27/20230927155951-8c0202e3.jpg','2023-09-28 00:00:00.000000'),(602,'賣掉10億豪宅！好萊塢巨星「罹失語症」病情惡化　近況曝光','賣掉10億豪宅！好萊塢巨星「罹失語症」病情惡化　近況曝光','https://cc.tvbs.com.tw/img/upload/2023/09/27/20230927154736-1405bc2e.jpg','2023-09-28 00:00:00.000000'),(603,'共軍台海大肆軍演　國台辦：打擊台獨囂張氣焰、捍衛主權','共軍台海大肆軍演　國台辦：打擊台獨囂張氣焰、捍衛主權','https://cc.tvbs.com.tw/img/upload/2023/09/27/20230927155339-135d9b99.jpg','2023-09-28 00:00:00.000000'),(604,'民調／都沒加分！侯友宜訪美、郭董找賴佩霞當副手　民眾不埋單','民調／都沒加分！侯友宜訪美、郭董找賴佩霞當副手　民眾不埋單','https://cc.tvbs.com.tw/img/upload/2023/08/29/20230829172557-17ae8097.jpg','2023-09-28 00:00:00.000000'),(605,'0927／謝明昌氣象一把抓','0927／謝明昌氣象一把抓','https://cc.tvbs.com.tw/img/upload/2023/09/27/20230927155032-7116aa62.jpg','2023-09-28 00:00:00.000000'),(606,'柯文哲副手真是她？鄒開蓮低調同台「鬆口吐1句」','柯文哲副手真是她？鄒開蓮低調同台「鬆口吐1句」','https://cc.tvbs.com.tw/img/upload/2023/09/27/20230927160140-eaa65802.jpg','2023-09-28 00:00:00.000000'),(607,'碳費與碳盤查相關修法　蔡英文：政府將盡速完成','碳費與碳盤查相關修法　蔡英文：政府將盡速完成','https://cc.tvbs.com.tw/img/upload/2023/09/27/20230927155703-8ab7dcd2.jpg','2023-09-28 00:00:00.000000'),(608,'孟耿如神隱百日爆瘦！　親曝黃子佼家中帶女兒「未來復出計畫」','孟耿如神隱百日爆瘦！　親曝黃子佼家中帶女兒「未來復出計畫」','https://cc.tvbs.com.tw/img/upload/2023/09/27/20230927155340-483eab8d.jpg','2023-09-28 00:00:00.000000'),(609,'與3男上山約會「亡父目睹入夢罵她」　網笑：看夜景還是看父親','與3男上山約會「亡父目睹入夢罵她」　網笑：看夜景還是看父親','https://cc.tvbs.com.tw/img/upload/2023/09/27/20230927154603-a98bd31d.jpg','2023-09-28 00:00:00.000000'),(610,'男星直播到一半突然「露毛」！魏如萱海景第一排嚇壞：很像某部位','男星直播到一半突然「露毛」！魏如萱海景第一排嚇壞：很像某部位','https://cc.tvbs.com.tw/img/upload/2023/09/27/20230927155043-f552967d.jpg','2023-09-28 00:00:00.000000'),(611,'熬夜也要追完！9部必N刷經典陸劇　冠軍每年必重看','熬夜也要追完！9部必N刷經典陸劇　冠軍每年必重看','https://cc.tvbs.com.tw/img/upload/2023/09/27/20230927153611-7536d7d9.jpg','2023-09-28 00:00:00.000000'),(612,'健身房才巧遇！64歲胡瓜回春「氣氛微妙」　吳姍儒嚇爆：還沒上車','健身房才巧遇！64歲胡瓜回春「氣氛微妙」　吳姍儒嚇爆：還沒上車','https://cc.tvbs.com.tw/img/upload/2023/09/27/20230927155114-f6abce08.jpg','2023-09-28 00:00:00.000000'),(613,'就是這一味！彰化60年「老字號八寶冰」　35元加爆8種料','就是這一味！彰化60年「老字號八寶冰」　35元加爆8種料','https://cc.tvbs.com.tw/img/upload/2023/09/27/20230927154022-08fd6b2f.jpg','2023-09-28 00:00:00.000000'),(614,'果粉刷一排數字！iPhone 15系列藏驚喜　「獨有1功能」曝光','果粉刷一排數字！iPhone 15系列藏驚喜　「獨有1功能」曝光','https://cc.tvbs.com.tw/img/upload/2023/05/13/20230513151131-96e3db19.jpg','2023-09-28 00:00:00.000000'),(615,'威力彩飆9億！「4星座、4生肖」財神爺來敲門　幸運數字曝','威力彩飆9億！「4星座、4生肖」財神爺來敲門　幸運數字曝','https://cc.tvbs.com.tw/img/upload/2023/09/21/20230921151129-b8a7f9cb.jpg','2023-09-28 00:00:00.000000'),(616,'爸親自蓋滑板場　陸15歲小將陳燁奪亞運冠軍','爸親自蓋滑板場　陸15歲小將陳燁奪亞運冠軍','https://cc.tvbs.com.tw/img/upload/2023/09/27/20230927154808-27ae5eeb.jpg','2023-09-28 00:00:00.000000'),(617,'海外演出突取消！蔡依林現身道歉了　新專輯進度脫口「絕望答案」','海外演出突取消！蔡依林現身道歉了　新專輯進度脫口「絕望答案」','https://cc.tvbs.com.tw/img/upload/2023/09/27/20230927154215-059a4df1.jpg','2023-09-28 00:00:00.000000'),(618,'女性民代比例為何較高？柯文哲揭原因：男生很容易投美女','女性民代比例為何較高？柯文哲揭原因：男生很容易投美女','https://cc.tvbs.com.tw/img/upload/2023/09/27/20230927152605-8146da90.jpg','2023-09-28 00:00:00.000000'),(619,'NBA／受限各項新規！勇士GM認「影響很大」：像阻止我們成功','NBA／受限各項新規！勇士GM認「影響很大」：像阻止我們成功','https://cc.tvbs.com.tw/img/upload/2023/09/27/20230927151354-b04cca7a.jpg','2023-09-28 00:00:00.000000'),(620,'慈濟大學獲准新設藥學系！藥師公會全聯會反彈：謹記日本教訓','慈濟大學獲准新設藥學系！藥師公會全聯會反彈：謹記日本教訓','https://cc.tvbs.com.tw/img/upload/2023/04/10/20230410203911-f4b95f18.jpg','2023-09-28 00:00:00.000000'),(621,'新北議場藍綠火爆互嗆！　綠營霸占主席台怒吼：侯友宜來開會','新北議場藍綠火爆互嗆！　綠營霸占主席台怒吼：侯友宜來開會','https://cc.tvbs.com.tw/img/upload/2023/09/27/20230927151721-1736ca91.jpg','2023-09-28 00:00:00.000000'),(622,'把妖怪演活了！盤點7位演員出圈角色　徐若瑄、周迅太經典','把妖怪演活了！盤點7位演員出圈角色　徐若瑄、周迅太經典','https://cc.tvbs.com.tw/img/upload/2023/09/27/20230927151908-c0a60c17.jpg','2023-09-28 00:00:00.000000'),(623,'朱立倫稱「侯友宜請假是負責」　批賴清德用國家資源競選','朱立倫稱「侯友宜請假是負責」　批賴清德用國家資源競選','https://cc.tvbs.com.tw/img/upload/2023/08/09/20230809185454-ef604eae.gif','2023-09-28 00:00:00.000000'),(624,'快揪同事喝咖啡！超商限時咖啡「買一送一」　還不限冰熱','快揪同事喝咖啡！超商限時咖啡「買一送一」　還不限冰熱','https://cc.tvbs.com.tw/img/upload/2023/02/03/20230203101404-fa20bc3f.jpg','2023-09-28 00:00:00.000000'),(625,'TVBS民調／「藍白合」侯柯配或柯侯配　能贏賴蕭配10%','TVBS民調／「藍白合」侯柯配或柯侯配　能贏賴蕭配10%','https://cc.tvbs.com.tw/img/upload/2023/09/27/20230927111748-ce69e2fb.jpg','2023-09-28 00:00:00.000000'),(626,'起飛前開性愛毒趴狂歡！已婚機師「傳訊炫耀遭舉報」下場曝','起飛前開性愛毒趴狂歡！已婚機師「傳訊炫耀遭舉報」下場曝','https://cc.tvbs.com.tw/img/upload/2023/09/27/20230927152902-d3bf45cb.jpg','2023-09-28 00:00:00.000000'),(627,'嚇壞！男子早餐吃「1食物」血糖竟飆破500　醫大驚示警','嚇壞！男子早餐吃「1食物」血糖竟飆破500　醫大驚示警','https://cc.tvbs.com.tw/img/upload/2023/07/07/20230707224153-c1da481e.jpg','2023-09-28 00:00:00.000000'),(628,'64歲胡瓜爆「獨寵熊霓」交情好　和女方一家超熟火大回應','64歲胡瓜爆「獨寵熊霓」交情好　和女方一家超熟火大回應','https://cc.tvbs.com.tw/img/upload/2023/09/27/20230927131804-4e4f16d8.jpg','2023-09-28 00:00:00.000000'),(629,'大久保麻梨子帶日本母遊台南　大啖牛肉鍋被驚豔「永遠吃不膩」','大久保麻梨子帶日本母遊台南　大啖牛肉鍋被驚豔「永遠吃不膩」','https://cc.tvbs.com.tw/img/upload/2023/09/27/20230927151834-902d0d4a.jpg','2023-09-28 00:00:00.000000'),(630,'不滿「被點名」與詐騙有關　柬埔寨禁播陸電影《孤注一擲》','不滿「被點名」與詐騙有關　柬埔寨禁播陸電影《孤注一擲》','https://cc.tvbs.com.tw/img/upload/2023/09/27/20230927151539-9aef4fd7.jpg','2023-09-28 00:00:00.000000'),(631,'納卡區近3萬難民湧入亞美尼亞　泣訴戰火餓莩悲歌','納卡區近3萬難民湧入亞美尼亞　泣訴戰火餓莩悲歌','https://cc.tvbs.com.tw/img/upload/2023/09/27/20230927152023-1a5d0376.jpg','2023-09-28 00:00:00.000000'),(632,'他面試狂被打槍！怨主管「偏愛錄取中高齡」　老鳥認證了','他面試狂被打槍！怨主管「偏愛錄取中高齡」　老鳥認證了','https://cc.tvbs.com.tw/img/upload/2023/08/23/20230823161606-82e9f22f.jpg','2023-09-28 00:00:00.000000'),(633,'亞瑟小子將登超級盃中場秀　傳想派「脫衣鋼管舞者」登台','亞瑟小子將登超級盃中場秀　傳想派「脫衣鋼管舞者」登台','https://cc.tvbs.com.tw/img/upload/2023/09/27/20230927151508-f54ef145.jpg','2023-09-28 00:00:00.000000'),(634,'衝政黨票！韓列不分區第一　朱：盼充滿戰力','衝政黨票！韓列不分區第一　朱：盼充滿戰力','https://cc.tvbs.com.tw/img/upload/2023/09/27/20230927135940-22504925.jpg','2023-09-28 00:00:00.000000'),(635,'又有人消失？傳恒大創辦人許家印遭軟禁　被警方「上銬帶走」','又有人消失？傳恒大創辦人許家印遭軟禁　被警方「上銬帶走」','https://cc.tvbs.com.tw/img/upload/2023/09/27/20230927151140-13337e3f.jpg','2023-09-28 00:00:00.000000'),(636,'iPhone15「這款新配件」收負評！　專業果粉怒：下架退費','iPhone15「這款新配件」收負評！　專業果粉怒：下架退費','https://cc.tvbs.com.tw/img/upload/2023/09/27/20230927151039-4f5b98b2.jpg','2023-09-28 00:00:00.000000'),(637,'議員批用人唯親　高虹安：大家想像力太豐富','議員批用人唯親　高虹安：大家想像力太豐富','https://cc.tvbs.com.tw/img/upload/2023/09/27/20230927140117-c90fd0d5.jpg','2023-09-28 00:00:00.000000'),(638,'TVBS民調／賴清德穩定領先　柯文哲、侯友宜緊咬！差距只剩1趴','TVBS民調／賴清德穩定領先　柯文哲、侯友宜緊咬！差距只剩1趴','https://cc.tvbs.com.tw/img/upload/2023/09/18/20230918103740-33bdd57a.jpg','2023-09-28 00:00:00.000000'),(639,'《未來少女》成員撞臉木木林葦妮　「現場交換工作」接主持棒笑翻','《未來少女》成員撞臉木木林葦妮　「現場交換工作」接主持棒笑翻','https://cc.tvbs.com.tw/img/upload/2023/09/27/20230927151035-2bbdfe60.jpg','2023-09-28 00:00:00.000000'),(640,'肖戰也逃稅？疑勾結黃牛猛賺44億　1異常遭控「掏錢壓醜聞」','肖戰也逃稅？疑勾結黃牛猛賺44億　1異常遭控「掏錢壓醜聞」','https://cc.tvbs.com.tw/img/upload/2023/09/27/20230927145220-3fa9fdb3.jpg','2023-09-28 00:00:00.000000'),(641,'媒體人斷言藍白合「這時間點」最佳　親曝2原因','媒體人斷言藍白合「這時間點」最佳　親曝2原因','https://cc.tvbs.com.tw/img/upload/2023/09/27/20230927145615-f772c6c3.jpg','2023-09-28 00:00:00.000000'),(642,'低血糖恐失去意識！專家曝「1515法則」　不要再吃巧克力','低血糖恐失去意識！專家曝「1515法則」　不要再吃巧克力','https://cc.tvbs.com.tw/img/upload/2022/08/11/20220811102118-cfddc23f.jpg','2023-09-28 00:00:00.000000'),(643,'比總統20萬戶社宅多！賴喊2任期拚30萬戶','比總統20萬戶社宅多！賴喊2任期拚30萬戶','https://cc.tvbs.com.tw/img/upload/2023/09/27/20230927131140-ec3be95e.jpg','2023-09-28 00:00:00.000000'),(644,'經典復刻！　「特等站長帽、大同寶寶」票卡開賣','經典復刻！　「特等站長帽、大同寶寶」票卡開賣','https://cc.tvbs.com.tw/img/upload/2023/09/27/20230927140027-9fedaa94.jpg','2023-09-28 00:00:00.000000'),(645,'和室友去玩！他立「旅遊不吵架協議」　萬人朝聖：已存','和室友去玩！他立「旅遊不吵架協議」　萬人朝聖：已存','https://cc.tvbs.com.tw/img/upload/2023/09/27/20230927143317-9886652e.jpg','2023-09-28 00:00:00.000000'),(646,'台鐵公司113年掛牌成立　基本章程勞資仍無共識','台鐵公司113年掛牌成立　基本章程勞資仍無共識','https://cc.tvbs.com.tw/img/upload/2023/03/30/20230330191740-2d73d56e.jpg','2023-09-28 00:00:00.000000'),(647,'特力屋員工怒批沒中秋獎金！董座發600元滅火','特力屋員工怒批沒中秋獎金！董座發600元滅火','https://cc.tvbs.com.tw/img/upload/2023/09/27/20230927121237-2a96e666.jpg','2023-09-28 00:00:00.000000'),(648,'彰化某國中驚挖「屍碎白骨」！頭蓋骨消失　竟221年前清朝古屍','彰化某國中驚挖「屍碎白骨」！頭蓋骨消失　竟221年前清朝古屍','https://cc.tvbs.com.tw/img/upload/2023/09/27/20230927145326-63742543.jpg','2023-09-28 00:00:00.000000'),(649,'才問到屏東大火疏散　立院響起火災警報','才問到屏東大火疏散　立院響起火災警報','https://cc.tvbs.com.tw/img/upload/2023/09/27/20230927125817-9f56a4ee.jpg','2023-09-28 00:00:00.000000'),(650,'YOASOBI粉絲有福了！首次現身台灣開唱　搶票時間出爐','YOASOBI粉絲有福了！首次現身台灣開唱　搶票時間出爐','https://cc.tvbs.com.tw/img/upload/2023/09/27/20230927145916-befac7f8.jpg','2023-09-28 00:00:00.000000'),(651,'搭訕偷拍還上傳群組！　輔大學生：不尊重別人','搭訕偷拍還上傳群組！　輔大學生：不尊重別人','https://cc.tvbs.com.tw/img/upload/2023/09/27/20230927132204-fd1cca94.jpg','2023-09-28 00:00:00.000000'),(652,'700萬求和無效！瑪莎惡少主嫌仍判9年　兩共犯竟減刑可能理由曝','700萬求和無效！瑪莎惡少主嫌仍判9年　兩共犯竟減刑可能理由曝','https://cc.tvbs.com.tw/img/upload/2023/09/27/20230927150024-e88d3c21.jpg','2023-09-28 00:00:00.000000'),(653,'爆炸6日！明揚董座上香　殉職勇消賴父：不怪任何人','爆炸6日！明揚董座上香　殉職勇消賴父：不怪任何人','https://cc.tvbs.com.tw/img/upload/2023/09/27/20230927130303-85cac4bc.jpg','2023-09-28 00:00:00.000000'),(654,'沈玉琳買中古車踩雷！　「前車主留驚人異味」曝慘痛教訓','沈玉琳買中古車踩雷！　「前車主留驚人異味」曝慘痛教訓','https://cc.tvbs.com.tw/img/upload/2023/09/27/20230927144647-2d457960.jpg','2023-09-28 00:00:00.000000'),(655,'天道盟成員「網路自學」　桃園租屋種600萬元大麻逾百株','天道盟成員「網路自學」　桃園租屋種600萬元大麻逾百株','https://cc.tvbs.com.tw/img/upload/2023/09/27/20230927142809-605925c9.jpg','2023-09-28 00:00:00.000000'),(656,'親臨汽車罷工前線！拜登拿大聲公喊加薪40%','親臨汽車罷工前線！拜登拿大聲公喊加薪40%','https://cc.tvbs.com.tw/img/upload/2023/09/27/20230927131959-ab48d12b.jpg','2023-09-28 00:00:00.000000'),(657,'金泰希不知情？RAIN捲入85億房產詐騙　買家：與照片不符','金泰希不知情？RAIN捲入85億房產詐騙　買家：與照片不符','https://cc.tvbs.com.tw/img/upload/2023/09/27/20230927144728-06d61e9e.jpg','2023-09-28 00:00:00.000000'),(658,'伊拉克婚禮變調！煙火釀災燒垮屋頂　逾百死','伊拉克婚禮變調！煙火釀災燒垮屋頂　逾百死','https://cc.tvbs.com.tw/img/upload/2023/09/27/20230927122021-b7ef4394.jpg','2023-09-28 00:00:00.000000'),(659,'賴清德盼與習近平喝珍奶　國台辦：務實些好別自討沒趣','賴清德盼與習近平喝珍奶　國台辦：務實些好別自討沒趣','https://cc.tvbs.com.tw/img/upload/2023/09/27/20230927144946-05463aa5.jpg','2023-09-28 00:00:00.000000'),(660,'張育成返台！回美大聯盟目標　不排斥亞洲職棒','張育成返台！回美大聯盟目標　不排斥亞洲職棒','https://cc.tvbs.com.tw/img/upload/2023/09/27/20230927130149-25e68077.jpg','2023-09-28 00:00:00.000000'),(661,'郭靜狂砸7位數晉升最美CEO　爆遭恐怖男打車窗追車','郭靜狂砸7位數晉升最美CEO　爆遭恐怖男打車窗追車','https://cc.tvbs.com.tw/img/upload/2023/09/27/20230927144651-18ab430f.jpg','2023-09-28 00:00:00.000000'),(662,'杭州亞運／誤判？中國vs.中華棒球練習賽　敲安遭裁判判界外','杭州亞運／誤判？中國vs.中華棒球練習賽　敲安遭裁判判界外','https://cc.tvbs.com.tw/img/upload/2023/09/27/20230927144352-0fda64ee.jpg','2023-09-28 00:00:00.000000'),(663,'陸網瘋《異能》　哪看的？韓教授發文譴責侵權：非法傳播卻不羞恥','陸網瘋《異能》　哪看的？韓教授發文譴責侵權：非法傳播卻不羞恥','https://cc.tvbs.com.tw/img/upload/2023/09/27/20230927131608-140863d5.jpg','2023-09-28 00:00:00.000000'),(664,'全台最慘縣市在哪？他列「7面向狂轟」：完全東南亞風景','全台最慘縣市在哪？他列「7面向狂轟」：完全東南亞風景','https://cc.tvbs.com.tw/img/upload/2023/09/27/20230927143144-71f85cd5.jpg','2023-09-28 00:00:00.000000'),(665,'首戰亞運奪銀！林唯均遺憾：比較想拿金牌','首戰亞運奪銀！林唯均遺憾：比較想拿金牌','https://cc.tvbs.com.tw/img/upload/2023/09/27/20230927123742-3c925b90.jpg','2023-09-28 00:00:00.000000'),(666,'羅一鈞爬屋頂「未戴安全帽」　勞動部長：這樣不行，叫他戴鋼盔','羅一鈞爬屋頂「未戴安全帽」　勞動部長：這樣不行，叫他戴鋼盔','https://cc.tvbs.com.tw/img/upload/2023/09/27/20230927143558-7788b31e.jpg','2023-09-28 00:00:00.000000'),(667,'不上訴！林秉樞施暴高嘉瑜　再關14天自由','不上訴！林秉樞施暴高嘉瑜　再關14天自由','https://cc.tvbs.com.tw/img/upload/2023/09/27/20230927125857-dff5154f.jpg','2023-09-28 00:00:00.000000'),(668,'孟耿如停工後復出！親吐消失百日生活　無懼黃子佼爭議高帥鮮肉包夾','孟耿如停工後復出！親吐消失百日生活　無懼黃子佼爭議高帥鮮肉包夾','https://cc.tvbs.com.tw/img/upload/2023/09/27/20230927144008-cf166035.jpg','2023-09-28 00:00:00.000000'),(669,'不只唇釘！韓韶禧直播曬「顴骨釘」太前衛　回應：拍戲會拿掉','不只唇釘！韓韶禧直播曬「顴骨釘」太前衛　回應：拍戲會拿掉','https://cc.tvbs.com.tw/img/upload/2023/09/27/20230927142407-e975998a.jpg','2023-09-28 00:00:00.000000'),(670,'快訊／高雄外海漁船大火！11名船員全數獲救','快訊／高雄外海漁船大火！11名船員全數獲救','https://cc.tvbs.com.tw/img/upload/2023/09/27/20230927143531-20d65211.jpg','2023-09-28 00:00:00.000000'),(671,'趕著誦經撞推車賣菜婦　女駕駛肇事逃逸','趕著誦經撞推車賣菜婦　女駕駛肇事逃逸','https://cc.tvbs.com.tw/img/upload/2023/09/27/20230927123936-3549e03c.jpg','2023-09-28 00:00:00.000000'),(672,'林秉樞施暴定讞　高嘉瑜：難以弭平受害者傷害','林秉樞施暴定讞　高嘉瑜：難以弭平受害者傷害','https://cc.tvbs.com.tw/img/upload/2023/09/27/20230927142257-f094c12a.jpg','2023-09-28 00:00:00.000000'),(673,'亞運吳佳穎壓線晉射擊25公尺手槍決賽　教練喊緊張','亞運吳佳穎壓線晉射擊25公尺手槍決賽　教練喊緊張','https://cc.tvbs.com.tw/img/upload/2023/09/27/20230927141907-8160cf32.jpg','2023-09-28 00:00:00.000000'),(674,'拿發票多看一眼！　號碼變「ER-ROR」速找廠商','拿發票多看一眼！　號碼變「ER-ROR」速找廠商','https://cc.tvbs.com.tw/img/upload/2023/09/27/20230927125939-1c1566cd.jpg','2023-09-28 00:00:00.000000'),(675,'女兒高燒40度昏迷！母淚求援　中和警開道20分車程變5分鐘','女兒高燒40度昏迷！母淚求援　中和警開道20分車程變5分鐘','https://cc.tvbs.com.tw/img/upload/2023/09/27/20230927143007-00ac7926.jpg','2023-09-28 00:00:00.000000'),(676,'儲蓄險放到期滿忘記領「她一查利息驚呆」　行員再推銷網狂滅火','儲蓄險放到期滿忘記領「她一查利息驚呆」　行員再推銷網狂滅火','https://cc.tvbs.com.tw/img/upload/2023/01/18/20230118162426-e01c258b.jpg','2023-09-28 00:00:00.000000'),(677,'趙少康拋藍白合條件！　柯文哲：這是哪門子合作','趙少康拋藍白合條件！　柯文哲：這是哪門子合作','https://cc.tvbs.com.tw/img/upload/2023/09/27/20230927141530-4ada6d3a.jpg','2023-09-28 00:00:00.000000'),(678,'等4年一場空！貴婦砸錢買手工佛像慘被騙','等4年一場空！貴婦砸錢買手工佛像慘被騙','https://cc.tvbs.com.tw/img/upload/2023/09/27/20230927130107-7e1a72f3.jpg','2023-09-28 00:00:00.000000'),(679,'《TVBS新聞網》用戶訪談招募！完成送500-1500元百貨禮券','《TVBS新聞網》用戶訪談招募！完成送500-1500元百貨禮券','https://cc.tvbs.com.tw/img/upload/2023/09/27/20230927151848-b520a0a4.jpg','2023-09-28 00:00:00.000000'),(680,'高雄智慧城市躍國際舞台　林欽榮訪韓促合作','高雄智慧城市躍國際舞台　林欽榮訪韓促合作','https://cc.tvbs.com.tw/img/upload/2023/09/27/20230927141214-75999197.jpg','2023-09-28 00:00:00.000000'),(681,'全擺錯！家裡別再放5大植栽　恐家運暴跌、官司小人纏身','全擺錯！家裡別再放5大植栽　恐家運暴跌、官司小人纏身','https://cc.tvbs.com.tw/img/upload/2023/08/11/20230811142917-b600d3fe.jpg','2023-09-28 00:00:00.000000'),(682,'明揚爆炸第6天！搜尋範圍擴大2樓加1樓找失聯員工','明揚爆炸第6天！搜尋範圍擴大2樓加1樓找失聯員工','https://cc.tvbs.com.tw/img/upload/2023/09/27/20230927124047-7a14683c.jpg','2023-09-28 00:00:00.000000'),(683,'頭份賣菜婦收攤返家遭撞！肇事女逃逸辯趕赴喪家誦經','頭份賣菜婦收攤返家遭撞！肇事女逃逸辯趕赴喪家誦經','https://cc.tvbs.com.tw/img/upload/2023/09/27/20230927140906-3e69f641.jpg','2023-09-28 00:00:00.000000'),(684,'杭州亞運／陸史上最年輕冠軍！　13歲崔宸曦滑板奪金','杭州亞運／陸史上最年輕冠軍！　13歲崔宸曦滑板奪金','https://cc.tvbs.com.tw/img/upload/2023/09/27/20230927141957-25f8a3aa.jpg','2023-09-28 00:00:00.000000'),(685,'快訊／午後對流旺盛！6縣市大雨特報「下到晚上」','快訊／午後對流旺盛！6縣市大雨特報「下到晚上」','https://cc.tvbs.com.tw/img/upload/2023/09/27/20230927142441-2a4c3311.jpg','2023-09-28 00:00:00.000000'),(686,'金錢桃花大豐收！這生肖10月「財神就在身邊」　好運旺到擋不住','金錢桃花大豐收！這生肖10月「財神就在身邊」　好運旺到擋不住','https://cc.tvbs.com.tw/img/upload/2022/09/06/20220906130129-c81ecc45.jpg','2023-09-28 00:00:00.000000'),(687,'雞蛋漲價　公平會：注意有無聯合哄抬','雞蛋漲價　公平會：注意有無聯合哄抬','https://cc.tvbs.com.tw/img/upload/2023/09/27/20230927141250-513dd687.jpg','2023-09-28 00:00:00.000000'),(688,'有片／開特斯拉載同事飆速釀1死　內科CEO：有喝酒但不影響行車','有片／開特斯拉載同事飆速釀1死　內科CEO：有喝酒但不影響行車','https://cc.tvbs.com.tw/img/upload/2023/09/27/20230927140934-40b28351.gif','2023-09-28 00:00:00.000000'),(689,'有片／拜登下機差點又跌倒　共和黨酸：我們總統需專人攙扶','有片／拜登下機差點又跌倒　共和黨酸：我們總統需專人攙扶','https://cc.tvbs.com.tw/img/upload/2023/09/27/20230927141150-8fdc1f9d.gif','2023-09-28 00:00:00.000000'),(690,'聯合國秘書長：核武數量恐數十年來首次增長','聯合國秘書長：核武數量恐數十年來首次增長','https://cc.tvbs.com.tw/img/upload/2023/09/27/20230927140845-25a1e220.jpg','2023-09-28 00:00:00.000000'),(691,'台股漲34.29點','台股漲34.29點','https://cc.tvbs.com.tw/img/upload/2023/09/27/20230927140624-533cfdeb.jpg','2023-09-28 00:00:00.000000'),(692,'杭州亞運／激似橫濱流星！　日本男排193混血天菜爆紅','杭州亞運／激似橫濱流星！　日本男排193混血天菜爆紅','https://cc.tvbs.com.tw/img/upload/2023/09/27/20230927140034-e5d07338.jpg','2023-09-28 00:00:00.000000'),(693,'明揚工廠爆炸案永齡捐3600萬　郭台銘籲改善消防職安','明揚工廠爆炸案永齡捐3600萬　郭台銘籲改善消防職安','https://cc.tvbs.com.tw/img/upload/2023/09/27/20230927133007-1c45aa95.jpg','2023-09-28 00:00:00.000000'),(694,'韓國瑜進軍立院？趙少康提議列不分區　朱立倫曝提名時機','韓國瑜進軍立院？趙少康提議列不分區　朱立倫曝提名時機','https://cc.tvbs.com.tw/img/upload/2023/09/27/20230927141315-fa7446f6.jpg','2023-09-28 00:00:00.000000'),(695,'柯文哲：高虹安案一分真九分假　有些穿鑿附會太過分','柯文哲：高虹安案一分真九分假　有些穿鑿附會太過分','https://cc.tvbs.com.tw/img/upload/2023/09/27/20230927132602-81c192ce.jpg','2023-09-28 00:00:00.000000'),(696,'狂傳藍白合不忍了！柯文哲嗆「國民黨2條件」：哪門子合作？','狂傳藍白合不忍了！柯文哲嗆「國民黨2條件」：哪門子合作？','https://cc.tvbs.com.tw/img/upload/2023/08/05/20230805113938-a74c0554.jpg','2023-09-28 00:00:00.000000'),(697,'台北車站乞討！街友嬤爆名下「中山區房產」　1坪50萬起跳','台北車站乞討！街友嬤爆名下「中山區房產」　1坪50萬起跳','https://cc.tvbs.com.tw/img/upload/2023/09/27/20230927140359-17cfa650.jpg','2023-09-28 00:00:00.000000'),(698,'中華職棒／高國輝擊出壽星全壘打　富邦悍將1比0險勝味全龍','中華職棒／高國輝擊出壽星全壘打　富邦悍將1比0險勝味全龍','https://cc.tvbs.com.tw/img/upload/2023/09/27/20230927140117-3f20f841.jpg','2023-09-28 00:00:00.000000'),(699,'中華職棒／詹子賢代打敲再見安　中信兄弟有驚無險勝樂天桃猿','中華職棒／詹子賢代打敲再見安　中信兄弟有驚無險勝樂天桃猿','https://cc.tvbs.com.tw/img/upload/2023/09/27/20230927140818-9088dfa3.jpg','2023-09-28 00:00:00.000000'),(700,'藍白合侯不當副手！柯斥奇怪哪門子合作','藍白合侯不當副手！柯斥奇怪哪門子合作','https://cc.tvbs.com.tw/img/upload/2023/09/27/20230927131220-9636717e.jpg','2023-09-28 00:00:00.000000'),(701,'中秋迎土地公聖誕！這「4類人」快拜　明年荷包賺滿滿','中秋迎土地公聖誕！這「4類人」快拜　明年荷包賺滿滿','https://cc.tvbs.com.tw/img/upload/2023/09/27/20230927135826-38d1f12d.jpg','2023-09-28 00:00:00.000000'),(702,'國軍已吃下肚？藍議員揭：軍方近半蛋源來自「巴西蛋進口大戶」','國軍已吃下肚？藍議員揭：軍方近半蛋源來自「巴西蛋進口大戶」','https://cc.tvbs.com.tw/img/upload/2023/09/27/20230927140034-a5d91fe3.jpg','2023-09-28 00:00:00.000000'),(703,'改用USB-C還不夠？歐盟再點「蘋果3功能」應開放競爭','改用USB-C還不夠？歐盟再點「蘋果3功能」應開放競爭','https://cc.tvbs.com.tw/img/upload/2023/09/27/20230927140309-2fbd877e.jpg','2023-09-28 00:00:00.000000'),(704,'國軍吞巴西蛋？　柳采葳爆：部分蛋源來自台農','國軍吞巴西蛋？　柳采葳爆：部分蛋源來自台農','https://cc.tvbs.com.tw/img/upload/2023/09/27/20230927130033-4020b1cb.jpg','2023-09-28 00:00:00.000000'),(705,'血常亂流！妹子發現「衛生棉1貼法」不外漏　內行全讚爆','血常亂流！妹子發現「衛生棉1貼法」不外漏　內行全讚爆','https://cc.tvbs.com.tw/img/upload/2023/08/07/20230807182437-053ecc46.jpg','2023-09-28 00:00:00.000000'),(706,'他用兩天iPhone 15 Pro沒發熱！　他傻眼：為何一堆人說燙？','他用兩天iPhone 15 Pro沒發熱！　他傻眼：為何一堆人說燙？','https://cc.tvbs.com.tw/img/upload/2023/09/23/20230923132455-3915485d.jpg','2023-09-28 00:00:00.000000'),(707,'又是你？冒名恐嚇「總統府放炸彈」　警疑陸生張海川犯案','又是你？冒名恐嚇「總統府放炸彈」　警疑陸生張海川犯案','https://cc.tvbs.com.tw/img/upload/2023/09/27/20230927134411-eec437c2.jpg','2023-09-28 00:00:00.000000'),(708,'闖進屋偷竊！住戶騎車追人竊賊還抵抗','闖進屋偷竊！住戶騎車追人竊賊還抵抗','https://cc.tvbs.com.tw/img/upload/2023/09/27/20230927124016-82540832.jpg','2023-09-28 00:00:00.000000'),(709,'沒認出！小黃司機狂喊「苗可麗也住這」　本人尷尬回「這句」笑翻網','沒認出！小黃司機狂喊「苗可麗也住這」　本人尷尬回「這句」笑翻網','https://cc.tvbs.com.tw/img/upload/2023/09/27/20230927133506-8588fefa.jpg','2023-09-28 00:00:00.000000'),(710,'金鐘獎邀「南韓超狂2大咖」抵台開課　驚人背景遭起底','金鐘獎邀「南韓超狂2大咖」抵台開課　驚人背景遭起底','https://cc.tvbs.com.tw/img/upload/2023/09/27/20230927132922-a2c20719.jpg','2023-09-28 00:00:00.000000'),(711,'被吳宗憲賞巴掌！吳姍儒打臉起衝突　女星爆老公帶娃「女兒滿嘴狗屎」','被吳宗憲賞巴掌！吳姍儒打臉起衝突　女星爆老公帶娃「女兒滿嘴狗屎」','https://cc.tvbs.com.tw/img/upload/2023/09/27/20230927115745-1a0ef005.jpg','2023-09-28 00:00:00.000000'),(712,'阿姨你別跑！機車窄巷A到千萬跑車　女騎士開溜肇逃','阿姨你別跑！機車窄巷A到千萬跑車　女騎士開溜肇逃','https://cc.tvbs.com.tw/img/upload/2023/09/27/20230927123820-d27f3a81.jpg','2023-09-28 00:00:00.000000'),(713,'總統府放定時炸彈？　「好油」遭冒名寄恐嚇信','總統府放定時炸彈？　「好油」遭冒名寄恐嚇信','https://cc.tvbs.com.tw/img/upload/2023/09/27/20230927130223-26db5405.jpg','2023-09-28 00:00:00.000000'),(714,'女生不准洗澡！非洲部落重男輕女　丈夫獻妻子「陪睡待客」','女生不准洗澡！非洲部落重男輕女　丈夫獻妻子「陪睡待客」','https://cc.tvbs.com.tw/img/upload/2023/09/27/20230927134748-7fb47781.jpg','2023-09-28 00:00:00.000000'),(715,'若郭台銘沒有選到底　王世堅：票幾乎百分百流向柯文哲','若郭台銘沒有選到底　王世堅：票幾乎百分百流向柯文哲','https://cc.tvbs.com.tw/img/upload/2023/09/27/20230927133926-4b48c9c5.jpg','2023-09-28 00:00:00.000000'),(716,'拜登次子杭特遭起訴 前兒媳出書爆料黑歷史','拜登次子杭特遭起訴 前兒媳出書爆料黑歷史','https://cc.tvbs.com.tw/img/upload/2023/09/27/20230927124843-ad942126.jpg','2023-09-28 00:00:00.000000'),(717,'瞞媳婦隋棠！賴佩霞選副手「只問老公」　聽完4字助陣郭台銘　','瞞媳婦隋棠！賴佩霞選副手「只問老公」　聽完4字助陣郭台銘　','https://cc.tvbs.com.tw/img/upload/2023/09/14/20230914094525-1ee1f7c2.jpg','2023-09-28 00:00:00.000000'),(718,'又收冒名恐嚇信！總統府：來源皆來自境外','又收冒名恐嚇信！總統府：來源皆來自境外','https://cc.tvbs.com.tw/img/upload/2023/08/03/20230803121255-e6591448.jpg','2023-09-28 00:00:00.000000'),(719,'民調贏侯友宜關鍵？柯文哲：「國民黨包袱」是資產也是負擔','民調贏侯友宜關鍵？柯文哲：「國民黨包袱」是資產也是負擔','https://cc.tvbs.com.tw/img/upload/2023/09/26/20230926195346-ec746993.jpg','2023-09-28 00:00:00.000000'),(720,'代購彰化不二坊蛋黃酥價翻倍　「轉賣1顆賺1顆」','代購彰化不二坊蛋黃酥價翻倍　「轉賣1顆賺1顆」','https://cc.tvbs.com.tw/img/upload/2023/09/27/20230927121119-5e11eca5.jpg','2023-09-28 00:00:00.000000'),(721,'數發部個資又外洩！民眾投履歷慘遭詐騙騷擾　內部人員也遭殃','數發部個資又外洩！民眾投履歷慘遭詐騙騷擾　內部人員也遭殃','https://cc.tvbs.com.tw/img/upload/2022/09/06/20220906215735-f7e2c66e.jpg','2023-09-28 00:00:00.000000'),(722,'杭州亞運／又吃豆腐！國台辦：歡迎「中國台北」參賽　賀楊勇緯生日快樂','杭州亞運／又吃豆腐！國台辦：歡迎「中國台北」參賽　賀楊勇緯生日快樂','https://cc.tvbs.com.tw/img/upload/2023/09/27/20230927133328-c0abf22d.jpg','2023-09-28 00:00:00.000000'),(723,'杭州亞運／捷報！網球女雙詹家姐妹晉級四強　保底銅牌','杭州亞運／捷報！網球女雙詹家姐妹晉級四強　保底銅牌','https://cc.tvbs.com.tw/img/upload/2023/09/27/20230927133053-d06543c4.jpg','2023-09-28 00:00:00.000000'),(724,'「蝴蝶姐姐」接班人是她！穿緊身制服美到不行　猛喊：再一次','「蝴蝶姐姐」接班人是她！穿緊身制服美到不行　猛喊：再一次','https://cc.tvbs.com.tw/img/upload/2023/09/27/20230927131834-bfc7a7ca.jpg','2023-09-28 00:00:00.000000'),(725,'攜手柯文哲打敗賴清德？　侯友宜語帶玄機曝合作條件','攜手柯文哲打敗賴清德？　侯友宜語帶玄機曝合作條件','https://cc.tvbs.com.tw/img/upload/2023/09/22/20230922200954-dedce8ca.jpg','2023-09-28 00:00:00.000000'),(726,'肉汁滴炭火產生「致癌物」！2技巧護健康　鋁箔紙正反面沒差','肉汁滴炭火產生「致癌物」！2技巧護健康　鋁箔紙正反面沒差','https://cc.tvbs.com.tw/img/upload/2023/09/27/20230927131250-f8681977.jpg','2023-09-28 00:00:00.000000'),(727,'科學園區上半年營收1.8兆　衰退逾1成仍寫同期次高','科學園區上半年營收1.8兆　衰退逾1成仍寫同期次高','https://cc.tvbs.com.tw/img/upload/2022/06/30/20220630122149-af16168e.jpg','2023-09-28 00:00:00.000000'),(728,'年收僅5位數！女星沒工作「罹病暴肥」搬離台北　只能跟家人借錢','年收僅5位數！女星沒工作「罹病暴肥」搬離台北　只能跟家人借錢','https://cc.tvbs.com.tw/img/upload/2023/09/27/20230927125524-cbcc9323.jpg','2023-09-28 00:00:00.000000'),(729,'阿里巴巴旗下菜鳥物流遞招股書　組織變革後首家申請上市','阿里巴巴旗下菜鳥物流遞招股書　組織變革後首家申請上市','https://cc.tvbs.com.tw/img/upload/2023/09/27/20230927131029-ff08d2c8.jpg','2023-09-28 00:00:00.000000'),(730,'公費流感疫苗10/2開打！11類對象優先接種　QA一次看','公費流感疫苗10/2開打！11類對象優先接種　QA一次看','https://cc.tvbs.com.tw/img/upload/2021/07/16/20210716122114-1a1d13ce.jpg','2023-09-28 00:00:00.000000'),(731,'白襪強打成傷兵本季報銷　大谷翔平有望創紀錄奪全壘打王','白襪強打成傷兵本季報銷　大谷翔平有望創紀錄奪全壘打王','https://cc.tvbs.com.tw/img/upload/2023/09/27/20230927125415-dcf8adfc.jpg','2023-09-28 00:00:00.000000'),(732,'溝中有縫　女騎士撞電桿摔溝卡入涵洞獲救','溝中有縫　女騎士撞電桿摔溝卡入涵洞獲救','https://cc.tvbs.com.tw/img/upload/2023/09/27/20230927121316-2ae9ae06.jpg','2023-09-28 00:00:00.000000'),(733,'民進黨昔有人被關、犧牲生命　賴清德：「但從未暴力報復」','民進黨昔有人被關、犧牲生命　賴清德：「但從未暴力報復」','https://cc.tvbs.com.tw/img/upload/2023/09/27/20230927124809-4dadfbd0.jpg','2023-09-28 00:00:00.000000'),(734,'城市祈禱餐會前進台中！盧秀燕：「讓愛降臨」幸福宜居城市','城市祈禱餐會前進台中！盧秀燕：「讓愛降臨」幸福宜居城市','https://cc.tvbs.com.tw/img/upload/2023/09/27/20230927124849-2058c1bd.jpg','2023-09-28 00:00:00.000000'),(735,'帶傷上陣！羅嘉翎疲勞性骨折　亞運飲銀','帶傷上陣！羅嘉翎疲勞性骨折　亞運飲銀','https://cc.tvbs.com.tw/img/upload/2023/09/27/20230927123858-989d5c2c.jpg','2023-09-28 00:00:00.000000'),(736,'堅強生命力！周春米探視 受傷消防員握拳比讚','堅強生命力！周春米探視 受傷消防員握拳比讚','https://cc.tvbs.com.tw/img/upload/2023/09/27/20230927123705-9527a4fc.jpg','2023-09-28 00:00:00.000000'),(737,'王淨靠照鏡子培養自信　合作賈靜雯曝「私下互動」：讓人崇拜','王淨靠照鏡子培養自信　合作賈靜雯曝「私下互動」：讓人崇拜','https://cc.tvbs.com.tw/img/upload/2023/09/27/20230927124909-2795ef08.jpg','2023-09-28 00:00:00.000000'),(738,'「台版柬埔寨」詐4億虐死3人　死者親屬獲賠180萬補償金','「台版柬埔寨」詐4億虐死3人　死者親屬獲賠180萬補償金','https://cc.tvbs.com.tw/img/upload/2023/09/27/20230927124510-9e5963fd.jpg','2023-09-28 00:00:00.000000'),(739,'智慧紋身呈顯生理狀況 微型貼片隨時超音波檢測','智慧紋身呈顯生理狀況 微型貼片隨時超音波檢測','https://cc.tvbs.com.tw/img/upload/2023/09/27/20230927124700-9c493bca.jpg','2023-09-28 00:00:00.000000'),(740,'未來少女／李紫嫣見爸李㼈跳海暴哭　首揭父女「劇本塞房門」神秘互動','未來少女／李紫嫣見爸李㼈跳海暴哭　首揭父女「劇本塞房門」神秘互動','https://cc.tvbs.com.tw/img/upload/2023/09/27/20230927122303-a6a2e156.jpg','2023-09-28 00:00:00.000000'),(741,'土耳其指若獲美出售F16戰機 將支持瑞典入北約','土耳其指若獲美出售F16戰機 將支持瑞典入北約','https://cc.tvbs.com.tw/img/upload/2023/09/27/20230927123906-573229af.jpg','2023-09-28 00:00:00.000000'),(742,'好身材炸裂！12位「大肌肌」青農拍月曆　粉絲搶當農婦','好身材炸裂！12位「大肌肌」青農拍月曆　粉絲搶當農婦','https://cc.tvbs.com.tw/img/upload/2023/09/27/20230927123331-cbab9ad1.jpg','2023-09-28 00:00:00.000000'),(743,'中日韓高層會商 同意12月舉行三方領袖峰會','中日韓高層會商 同意12月舉行三方領袖峰會','https://cc.tvbs.com.tw/img/upload/2023/09/27/20230927124026-56df7b85.jpg','2023-09-28 00:00:00.000000'),(744,'OpenAI擬出售股票 估值翻三倍將達900億美元','OpenAI擬出售股票 估值翻三倍將達900億美元','https://cc.tvbs.com.tw/img/upload/2023/09/27/20230927124136-d4ef5574.jpg','2023-09-28 00:00:00.000000'),(745,'直接證據不足 韓法院駁回檢方拘捕李在明申請','直接證據不足 韓法院駁回檢方拘捕李在明申請','https://cc.tvbs.com.tw/img/upload/2023/09/27/20230927124245-42d96bce.jpg','2023-09-28 00:00:00.000000'),(746,'印度和美國陸軍參謀長 倡自由穩定印太抗中','印度和美國陸軍參謀長 倡自由穩定印太抗中','https://cc.tvbs.com.tw/img/upload/2023/09/27/20230927124352-5d695056.jpg','2023-09-28 00:00:00.000000'),(747,'陸白皮書籲消除保護主義 王毅批美搞小圈子','陸白皮書籲消除保護主義 王毅批美搞小圈子','https://cc.tvbs.com.tw/img/upload/2023/09/27/20230927124509-2c8f8bb3.jpg','2023-09-28 00:00:00.000000'),(748,'眼鏡王蛇、網紋蟒「史詩大戰」7小時　牠裝撤退靠1招吞掉強敵','眼鏡王蛇、網紋蟒「史詩大戰」7小時　牠裝撤退靠1招吞掉強敵','https://cc.tvbs.com.tw/img/upload/2023/09/27/20230927123022-bc7be7dc.jpg','2023-09-28 00:00:00.000000'),(749,'伊能靜愛兒戀愛了？激吻金髮帥哥全被拍　7字洩「出櫃跡象」','伊能靜愛兒戀愛了？激吻金髮帥哥全被拍　7字洩「出櫃跡象」','https://cc.tvbs.com.tw/img/upload/2023/09/27/20230927120847-71ef3b1d.jpg','2023-09-28 00:00:00.000000'),(750,'拒檢「甩飛」女警　騎士恐挨3萬罰單+扣照','拒檢「甩飛」女警　騎士恐挨3萬罰單+扣照','https://cc.tvbs.com.tw/img/upload/2023/09/27/20230927123627-676e7dfa.jpg','2023-09-28 00:00:00.000000'),(751,'Google 25歲生日快樂！當年2大學生「天真架網站」　如今成搜尋引擎龍頭','Google 25歲生日快樂！當年2大學生「天真架網站」　如今成搜尋引擎龍頭','https://cc.tvbs.com.tw/img/upload/2023/09/27/20230927121940-acbe220a.jpg','2023-09-28 00:00:00.000000'),(752,'中市國慶升旗邀60消防員護旗　基層怨','中市國慶升旗邀60消防員護旗　基層怨','https://cc.tvbs.com.tw/img/upload/2023/09/27/20230927121040-bec24f73.jpg','2023-09-28 00:00:00.000000'),(753,'13公尺高「月亮」　嫦娥奔月．太空人漫步吸睛','13公尺高「月亮」　嫦娥奔月．太空人漫步吸睛','https://cc.tvbs.com.tw/img/upload/2023/09/27/20230927121001-8164baff.jpg','2023-09-28 00:00:00.000000'),(754,'千萬人出籠！陸客十一黃金周　港旅業界：陸客消費力變弱','千萬人出籠！陸客十一黃金周　港旅業界：陸客消費力變弱','https://cc.tvbs.com.tw/img/upload/2023/09/27/20230927122204-9a427069.jpg','2023-09-28 00:00:00.000000'),(755,'南韓10年來首大閱兵　尹錫悅警：北韓別用核武','南韓10年來首大閱兵　尹錫悅警：北韓別用核武','https://cc.tvbs.com.tw/img/upload/2023/09/27/20230927121704-f6442b3a.jpg','2023-09-28 00:00:00.000000'),(756,'快訊／北市騎樓天花板疑年久失修　「整片坍塌」砸整排機車','快訊／北市騎樓天花板疑年久失修　「整片坍塌」砸整排機車','https://cc.tvbs.com.tw/img/upload/2023/09/27/20230927122710-b61d58e8.jpg','2023-09-28 00:00:00.000000'),(757,'NBA／衛斯布魯克減薪續留快艇仍興奮！新賽季有望創下聯盟首見紀錄','NBA／衛斯布魯克減薪續留快艇仍興奮！新賽季有望創下聯盟首見紀錄','https://cc.tvbs.com.tw/img/upload/2023/09/27/20230927123103-b8af12a2.jpg','2023-09-28 00:00:00.000000'),(758,'正妹驚見機車上被貼「9字紙條」　一票人全暖翻：會感動到哭','正妹驚見機車上被貼「9字紙條」　一票人全暖翻：會感動到哭','https://cc.tvbs.com.tw/img/upload/2023/09/27/20230927122153-2add4640.jpg','2023-09-28 00:00:00.000000'),(759,'10歲童「體溫計插尿道」！整根斷裂6.5公分　大噴血痛爆','10歲童「體溫計插尿道」！整根斷裂6.5公分　大噴血痛爆','https://cc.tvbs.com.tw/img/upload/2023/09/27/20230927121936-54e4e99b.jpg','2023-09-28 00:00:00.000000'),(760,'「你別走」高雄阿姨騎車Ａ到BMW跑車開溜　這一撞維修費17萬','「你別走」高雄阿姨騎車Ａ到BMW跑車開溜　這一撞維修費17萬','https://cc.tvbs.com.tw/img/upload/2023/09/27/20230927122109-63fd442d.jpg','2023-09-28 00:00:00.000000'),(761,'搭訕練功場？百人群組偷拍秀戰果　男開課教把妹要價萬元','搭訕練功場？百人群組偷拍秀戰果　男開課教把妹要價萬元','https://cc.tvbs.com.tw/img/upload/2023/09/27/20230927122604-89dc03cc.jpg','2023-09-28 00:00:00.000000'),(762,'恐關到死！台版柬埔寨4嫌　遭起訴「2811」罪','恐關到死！台版柬埔寨4嫌　遭起訴「2811」罪','https://cc.tvbs.com.tw/img/upload/2023/09/27/20230927121158-a7ed264b.jpg','2023-09-28 00:00:00.000000'),(763,'豬哥亮愛女不藏了！化身性感兔女郎辣露「雪白長輩」　還有激裸辣腿','豬哥亮愛女不藏了！化身性感兔女郎辣露「雪白長輩」　還有激裸辣腿','https://cc.tvbs.com.tw/img/upload/2023/09/27/20230927121812-b75965ca.jpg','2023-09-28 00:00:00.000000'),(764,'陸女想見官被制伏！雙腳遭2名保全「狠踩」畫面曝引眾怒','陸女想見官被制伏！雙腳遭2名保全「狠踩」畫面曝引眾怒','https://cc.tvbs.com.tw/img/upload/2023/09/27/20230927121315-0bacc5fc.jpg','2023-09-28 00:00:00.000000'),(765,'DJ SODA逛超商「胸口寫超酸3字」　氣瘋日本網友：別再來了！','DJ SODA逛超商「胸口寫超酸3字」　氣瘋日本網友：別再來了！','https://cc.tvbs.com.tw/img/upload/2023/09/27/20230927121351-44a2e07a.jpg','2023-09-28 00:00:00.000000'),(766,'快訊／台南四鯤鯓龍山寺旁驚見男浮屍　年約50歲身份不明','快訊／台南四鯤鯓龍山寺旁驚見男浮屍　年約50歲身份不明','https://cc.tvbs.com.tw/img/upload/2023/09/27/20230927121639-8ad34a06.jpg','2023-09-28 00:00:00.000000'),(767,'Jisoo現身巴黎時裝周　造型「黑化」又帥又美','Jisoo現身巴黎時裝周　造型「黑化」又帥又美','https://cc.tvbs.com.tw/img/upload/2023/09/27/20230927114829-c6a55f63.jpg','2023-09-28 00:00:00.000000'),(768,'中華男籃贏香港！　「新台灣人」阿提諾遭趕出場','中華男籃贏香港！　「新台灣人」阿提諾遭趕出場','https://cc.tvbs.com.tw/img/upload/2023/09/27/20230927114252-fe7a6b69.jpg','2023-09-28 00:00:00.000000'),(769,'用戶注意！Google宣布明天「下架1服務」　全轉到YouTube Music','用戶注意！Google宣布明天「下架1服務」　全轉到YouTube Music','https://cc.tvbs.com.tw/img/upload/2023/09/27/20230927120302-30c3b3ee.jpg','2023-09-28 00:00:00.000000'),(770,'百貨級「南門市場」強勢回歸！10/7試營運　購物金限量開搶','百貨級「南門市場」強勢回歸！10/7試營運　購物金限量開搶','https://cc.tvbs.com.tw/img/upload/2023/09/27/20230927111310-83838970.jpg','2023-09-28 00:00:00.000000'),(771,'希拉蕊談北約擴張　酸普欽「自找的」','希拉蕊談北約擴張　酸普欽「自找的」','https://cc.tvbs.com.tw/img/upload/2023/09/27/20230927120050-565cbee5.jpg','2023-09-28 00:00:00.000000'),(772,'陸「蘿蔔刀」玩具　專家：恐潛意識培養童暴力','陸「蘿蔔刀」玩具　專家：恐潛意識培養童暴力','https://cc.tvbs.com.tw/img/upload/2023/09/27/20230927112305-c6a4ef27.jpg','2023-09-28 00:00:00.000000'),(773,'首位美國總統親臨罷工現場　拜登挺汽車工會調薪4成','首位美國總統親臨罷工現場　拜登挺汽車工會調薪4成','https://cc.tvbs.com.tw/img/upload/2023/09/27/20230927115329-3326e8de.jpg','2023-09-28 00:00:00.000000'),(774,'南韓在野黨魁李在明躲過危機　法院「證據不足」駁逮捕申請','南韓在野黨魁李在明躲過危機　法院「證據不足」駁逮捕申請','https://cc.tvbs.com.tw/img/upload/2023/09/26/20230926144933-f61240b1.jpg','2023-09-28 00:00:00.000000'),(775,'土城母子再現身公園！多次被報案攻擊民眾　3警站崗戒護','土城母子再現身公園！多次被報案攻擊民眾　3警站崗戒護','https://cc.tvbs.com.tw/img/upload/2023/09/27/20230927115206-44c1927f.jpg','2023-09-28 00:00:00.000000'),(776,'考上不怕沒飯吃！公職「3大優缺點」要知道　這項讓人打退堂鼓','考上不怕沒飯吃！公職「3大優缺點」要知道　這項讓人打退堂鼓','https://cc.tvbs.com.tw/img/upload/2022/12/02/20221202230051-f1956349.jpg','2023-09-28 00:00:00.000000'),(777,'不滿兒用光上網配額！無情媽怒潑「熱水致重傷」　下場慘了','不滿兒用光上網配額！無情媽怒潑「熱水致重傷」　下場慘了','https://cc.tvbs.com.tw/img/upload/2023/07/03/20230703102859-d28b5fd0.jpg','2023-09-28 00:00:00.000000'),(778,'新北通緝犯拒檢還二度開車衝撞　勇警破窗被割「肌腱斷裂」','新北通緝犯拒檢還二度開車衝撞　勇警破窗被割「肌腱斷裂」','https://cc.tvbs.com.tw/img/upload/2023/09/27/20230927115558-68f82cf7.jpg','2023-09-28 00:00:00.000000'),(779,'女星餵母乳睡著「寶寶繞頸」嚇瘋！　吳姍儒曝兒奇怪狀態：很頭痛','女星餵母乳睡著「寶寶繞頸」嚇瘋！　吳姍儒曝兒奇怪狀態：很頭痛','https://cc.tvbs.com.tw/img/upload/2023/09/27/20230927115559-2699358a.jpg','2023-09-28 00:00:00.000000'),(780,'PUA群組偷拍太勁爆！輔大正妹被鎖定搭訕　警：最重罰10萬','PUA群組偷拍太勁爆！輔大正妹被鎖定搭訕　警：最重罰10萬','https://cc.tvbs.com.tw/img/upload/2023/09/27/20230927114755-d673969e.jpg','2023-09-28 00:00:00.000000'),(781,'NBA／「小李人生」將迎來完結篇？傳里拉德可能落腳暴龍','NBA／「小李人生」將迎來完結篇？傳里拉德可能落腳暴龍','https://cc.tvbs.com.tw/img/upload/2023/09/27/20230927114112-b74af092.jpg','2023-09-28 00:00:00.000000'),(782,'60年最兇黑兔年！驚人卜卦預言曝光：這大咖2024稱王','60年最兇黑兔年！驚人卜卦預言曝光：這大咖2024稱王','https://cc.tvbs.com.tw/img/upload/2023/09/18/20230918103740-33bdd57a.jpg','2023-09-28 00:00:00.000000'),(783,'為南海開嗆　陸批菲拆黃岩島浮動屏障「挑釁」','為南海開嗆　陸批菲拆黃岩島浮動屏障「挑釁」','https://cc.tvbs.com.tw/img/upload/2023/09/27/20230927113918-3fcc6d11.jpg','2023-09-28 00:00:00.000000'),(784,'亞運選手爆冷輸球怒砸球拍拒握手！女友驚是「超大咖偶像」','亞運選手爆冷輸球怒砸球拍拒握手！女友驚是「超大咖偶像」','https://cc.tvbs.com.tw/img/upload/2023/09/27/20230927115310-74be482e.jpg','2023-09-28 00:00:00.000000'),(785,'哪部偶像劇歌最經典？全場哼「這首」：前奏一下感覺就來','哪部偶像劇歌最經典？全場哼「這首」：前奏一下感覺就來','https://cc.tvbs.com.tw/img/upload/2023/09/27/20230927114154-7e84a9f0.jpg','2023-09-28 00:00:00.000000'),(786,'《他馬克老闆》專訪！黃鐙輝演活「綠葉學姐」談秘辛　兒子反應曝','《他馬克老闆》專訪！黃鐙輝演活「綠葉學姐」談秘辛　兒子反應曝','https://cc.tvbs.com.tw/img/upload/2023/09/27/20230927115751-37f41a86.jpg','2023-09-28 00:00:00.000000'),(787,'杭州亞運／中華隊今棒球練習賽戰地主中國　鄭宗哲開路先鋒','杭州亞運／中華隊今棒球練習賽戰地主中國　鄭宗哲開路先鋒','https://cc.tvbs.com.tw/img/upload/2023/09/27/20230927114629-0ae76c12.jpg','2023-09-28 00:00:00.000000'),(788,'杭州亞運／棒球對中華隊誰先發？韓媒推：19歲火球男最有機會','杭州亞運／棒球對中華隊誰先發？韓媒推：19歲火球男最有機會','https://cc.tvbs.com.tw/img/upload/2023/09/27/20230927113204-36bdc33f.jpg','2023-09-28 00:00:00.000000'),(789,'民調／殺傷力太大！6成民眾認進口蛋、高虹安害慘賴、柯選情','民調／殺傷力太大！6成民眾認進口蛋、高虹安害慘賴、柯選情','https://cc.tvbs.com.tw/img/upload/2023/09/27/20230927111748-ce69e2fb.jpg','2023-09-28 00:00:00.000000'),(790,'錢花在哪？BTS柾國新專被嘲「史上最醜」　網辣評：像銀行卡','錢花在哪？BTS柾國新專被嘲「史上最醜」　網辣評：像銀行卡','https://cc.tvbs.com.tw/img/upload/2023/09/27/20230927112343-5abdbb38.jpg','2023-09-28 00:00:00.000000'),(791,'台進口蛋爭議蛋價升　國台辦連用「8缺」批民進黨：貪腐無能','台進口蛋爭議蛋價升　國台辦連用「8缺」批民進黨：貪腐無能','https://cc.tvbs.com.tw/img/upload/2023/09/27/20230927113326-76fab92a.jpg','2023-09-28 00:00:00.000000'),(792,'中檢證實將傳喚林秉樞發監　中秋後再「服刑14天」即自由','中檢證實將傳喚林秉樞發監　中秋後再「服刑14天」即自由','https://cc.tvbs.com.tw/img/upload/2023/09/27/20230927110224-8b0e1c5a.jpg','2023-09-28 00:00:00.000000'),(793,'鐵證曝光？胡瓜再被抓包疑「和熊霓戴對環」丁柔安首發聲了','鐵證曝光？胡瓜再被抓包疑「和熊霓戴對環」丁柔安首發聲了','https://cc.tvbs.com.tw/img/upload/2023/09/27/20230927112700-eb6da8bb.jpg','2023-09-28 00:00:00.000000'),(794,'台灣「這年代」過得最爽？買房超輕鬆　他曝1致命缺點：大家都怕','台灣「這年代」過得最爽？買房超輕鬆　他曝1致命缺點：大家都怕','https://cc.tvbs.com.tw/img/upload/2023/09/27/20230927111157-745703e8.jpg','2023-09-28 00:00:00.000000'),(795,'去年慘虧232億　越竹航空傳欠薪、數十名機師出走','去年慘虧232億　越竹航空傳欠薪、數十名機師出走','https://cc.tvbs.com.tw/img/upload/2023/09/27/20230927112306-b9f73efd.jpg','2023-09-28 00:00:00.000000'),(796,'高鐵中秋熱銷近50萬張車票　自由座人數多將啟動分流','高鐵中秋熱銷近50萬張車票　自由座人數多將啟動分流','https://cc.tvbs.com.tw/img/upload/2022/04/24/20220424155559-1a0a5775.jpg','2023-09-28 00:00:00.000000'),(797,'年輕人打字不愛1符號！他酸「老人才用」　網罵翻：沒受過社會鞭打','年輕人打字不愛1符號！他酸「老人才用」　網罵翻：沒受過社會鞭打','https://cc.tvbs.com.tw/img/upload/2023/09/23/20230923162922-ff12b4b9.jpg','2023-09-28 00:00:00.000000'),(798,'又要大爆塞？中秋連假高鐵狂賣50萬張　熱銷班次快避開','又要大爆塞？中秋連假高鐵狂賣50萬張　熱銷班次快避開','https://cc.tvbs.com.tw/img/upload/2021/07/05/20210705120544-f819bead.jpg','2023-09-28 00:00:00.000000'),(799,'新民調／賴清德重跌10%！柯文哲逆襲「驚人數字」曝　前立委揪關鍵','新民調／賴清德重跌10%！柯文哲逆襲「驚人數字」曝　前立委揪關鍵','https://cc.tvbs.com.tw/img/upload/2023/06/24/20230624190048-0c1ea33b.jpg','2023-09-28 00:00:00.000000'),(800,'明揚惡火第六天　董座、協理首現身勇消靈堂贈30萬慰問金致意家屬','明揚惡火第六天　董座、協理首現身勇消靈堂贈30萬慰問金致意家屬','https://cc.tvbs.com.tw/img/upload/2023/09/27/20230927111206-74b89843.jpg','2023-09-28 00:00:00.000000'),(801,'熊霓兇猛應援片爆紅！「最佳舞伴」天上守護　她拒跳國標藏洋蔥','熊霓兇猛應援片爆紅！「最佳舞伴」天上守護　她拒跳國標藏洋蔥','https://cc.tvbs.com.tw/img/upload/2023/09/27/20230927111757-ae69dc94.jpg','2023-09-28 00:00:00.000000'),(802,'不只李尚福！港媒：共軍一批將領受查　軍中大調整將開啟','不只李尚福！港媒：共軍一批將領受查　軍中大調整將開啟','https://cc.tvbs.com.tw/img/upload/2023/09/27/20230927105959-2a5b9616.jpg','2023-09-28 00:00:00.000000'),(803,'影音／包偉銘曝友人超愛曾國城　讚「智慧勝於外表」超走心','影音／包偉銘曝友人超愛曾國城　讚「智慧勝於外表」超走心','https://cc.tvbs.com.tw/img/upload/2023/09/27/20230927101905-d7b6fed2.jpg','2023-09-28 00:00:00.000000'),(804,'蘋果地圖全面更新　在台支援環視、語音導航更好懂','蘋果地圖全面更新　在台支援環視、語音導航更好懂','https://cc.tvbs.com.tw/img/upload/2023/09/27/20230927105230-e31014d2.jpg','2023-09-28 00:00:00.000000'),(805,'不斷更新／2023年中秋、國慶連假　國道路況交通疏導懶人包','不斷更新／2023年中秋、國慶連假　國道路況交通疏導懶人包','https://cc.tvbs.com.tw/img/upload/2022/01/28/20220128185837-e7f09404.jpg','2023-09-28 00:00:00.000000'),(806,'影音／《有生之年》吳慷仁重逢初戀張榕容　謝展榮譏笑「像發情動物」','影音／《有生之年》吳慷仁重逢初戀張榕容　謝展榮譏笑「像發情動物」','https://cc.tvbs.com.tw/img/upload/2023/09/27/20230927101511-551276ef.jpg','2023-09-28 00:00:00.000000'),(807,'中秋節發了！5生肖財運連旺1個月　加薪「笑著爽數錢」','中秋節發了！5生肖財運連旺1個月　加薪「笑著爽數錢」','https://cc.tvbs.com.tw/img/upload/2022/01/26/20220126155949-c6e6fddf.jpg','2023-09-28 00:00:00.000000'),(808,'孫盛希韓國小吃「私藏景點」曝光　穿韓服遊景福宮美成這樣','孫盛希韓國小吃「私藏景點」曝光　穿韓服遊景福宮美成這樣','https://cc.tvbs.com.tw/img/upload/2023/09/27/20230927105823-2024d514.jpg','2023-09-28 00:00:00.000000'),(809,'結婚意義在哪？「女性婚後待遇」曝　全場同感：自討苦吃','結婚意義在哪？「女性婚後待遇」曝　全場同感：自討苦吃','https://cc.tvbs.com.tw/img/upload/2023/08/18/20230818233309-075119ea.jpg','2023-09-28 00:00:00.000000'),(810,'影音／《有生之年》喜翔不回家找小三　吳慷仁一旁脫口勸離婚','影音／《有生之年》喜翔不回家找小三　吳慷仁一旁脫口勸離婚','https://cc.tvbs.com.tw/img/upload/2023/09/27/20230927100840-f4ea3c2a.jpg','2023-09-28 00:00:00.000000'),(811,'房價漲、搶人才、塞車　台積電設廠計畫震撼熊本農業小鎮','房價漲、搶人才、塞車　台積電設廠計畫震撼熊本農業小鎮','https://cc.tvbs.com.tw/img/upload/2023/09/27/20230927110551-a99c2d84.jpg','2023-09-28 00:00:00.000000'),(812,'李泳知台北唱〈玫瑰少年〉！　曝參演《SMTM》心境「狂飆F字眼」','李泳知台北唱〈玫瑰少年〉！　曝參演《SMTM》心境「狂飆F字眼」','https://cc.tvbs.com.tw/img/upload/2023/09/27/20230927110415-aad48fd9.jpg','2023-09-28 00:00:00.000000'),(813,'罹失語症首露面！布魯斯威利「顏面轉變」曝光　愛妻哽咽：病情在惡化','罹失語症首露面！布魯斯威利「顏面轉變」曝光　愛妻哽咽：病情在惡化','https://cc.tvbs.com.tw/img/upload/2023/09/27/20230927104832-6c6ae08d.jpg','2023-09-28 00:00:00.000000'),(814,'杭州亞運／拚電競史上首面金牌！中華隊2人晉級快打旋風4強','杭州亞運／拚電競史上首面金牌！中華隊2人晉級快打旋風4強','https://cc.tvbs.com.tw/img/upload/2023/09/27/20230927110106-60a0db7e.jpg','2023-09-28 00:00:00.000000'),(815,'影音／《有生之年》謝展榮告白孫可芳　被甩巴掌嗆「X高中生」','影音／《有生之年》謝展榮告白孫可芳　被甩巴掌嗆「X高中生」','https://cc.tvbs.com.tw/img/upload/2023/09/27/20230927100517-4ceaa75d.jpg','2023-09-28 00:00:00.000000'),(816,'轉戰戲劇圈成本土劇一哥！霍正奇親洩與劉文正「真實關係」','轉戰戲劇圈成本土劇一哥！霍正奇親洩與劉文正「真實關係」','https://cc.tvbs.com.tw/img/upload/2023/09/27/20230927105515-ca53bddc.jpg','2023-09-28 00:00:00.000000'),(817,'《地球黃金線》考駕照民調結果出爐　近六成民眾認為最難是「這關」','《地球黃金線》考駕照民調結果出爐　近六成民眾認為最難是「這關」','https://cc.tvbs.com.tw/img/upload/2023/09/27/20230927105446-8684191a.jpg','2023-09-28 00:00:00.000000'),(818,'影音／《有生之年》楊貴媚怒喊「不管了」　狂嗆喜翔：你不要太過分','影音／《有生之年》楊貴媚怒喊「不管了」　狂嗆喜翔：你不要太過分','https://cc.tvbs.com.tw/img/upload/2023/09/27/20230927100219-8da6171f.jpg','2023-09-28 00:00:00.000000'),(819,'iPhone 15過熱韓媒稱台積電害的　專家反駁曝原因','iPhone 15過熱韓媒稱台積電害的　專家反駁曝原因','https://cc.tvbs.com.tw/img/upload/2023/09/27/20230927104619-869dbddc.jpg','2023-09-28 00:00:00.000000'),(820,'影音／李安出任金馬60評審團主席　葉如芬：給華語電影很大鼓勵','影音／李安出任金馬60評審團主席　葉如芬：給華語電影很大鼓勵','https://cc.tvbs.com.tw/img/upload/2023/09/27/20230927095851-e55e39eb.jpg','2023-09-28 00:00:00.000000'),(821,'兒童急診爆滿！醫示警3症狀當心「感染這病毒」：嚴重恐猝死','兒童急診爆滿！醫示警3症狀當心「感染這病毒」：嚴重恐猝死','https://cc.tvbs.com.tw/img/upload/2022/05/06/20220506220420-283b6398.jpg','2023-09-28 00:00:00.000000'),(822,'影音／曾菀婷無緣金鐘成遺珠　曝心情「希望能被看見」','影音／曾菀婷無緣金鐘成遺珠　曝心情「希望能被看見」','https://cc.tvbs.com.tw/img/upload/2023/09/27/20230927095559-93083b4e.jpg','2023-09-28 00:00:00.000000'),(823,'茶葉蛋要標示原產地了！　衛福部：4大超商試辦6個月','茶葉蛋要標示原產地了！　衛福部：4大超商試辦6個月','https://cc.tvbs.com.tw/img/upload/2023/04/21/20230421140332-41f0b179.jpg','2023-09-28 00:00:00.000000'),(824,'超商ATM存百萬現金！他傻眼「為何不去銀行？」　內行揭原因','超商ATM存百萬現金！他傻眼「為何不去銀行？」　內行揭原因','https://cc.tvbs.com.tw/img/upload/2021/11/21/20211121185609-a2bd4dd5.jpg','2023-09-28 00:00:00.000000'),(825,'清純女神「消失2年」超慘近況曝光！　得賠金主2.6億','清純女神「消失2年」超慘近況曝光！　得賠金主2.6億','https://cc.tvbs.com.tw/img/upload/2023/09/27/20230927104628-95369bfc.jpg','2023-09-28 00:00:00.000000'),(826,'不二坊今門市販售！凌晨排隊搶蛋黃酥　代購每顆飆破百元天價','不二坊今門市販售！凌晨排隊搶蛋黃酥　代購每顆飆破百元天價','https://cc.tvbs.com.tw/img/upload/2022/09/09/20220909112021-d164ae9a.jpg','2023-09-28 00:00:00.000000'),(827,'泰籍女移工失蹤1年成淡水無名屍　「尋人高手」1關鍵助團圓','泰籍女移工失蹤1年成淡水無名屍　「尋人高手」1關鍵助團圓','https://cc.tvbs.com.tw/img/upload/2023/09/27/20230927104909-c2acd20a.jpg','2023-09-28 00:00:00.000000'),(828,'民調／賴清德三腳督、四腳督都大勝　非綠整合「這組」最被看好','民調／賴清德三腳督、四腳督都大勝　非綠整合「這組」最被看好','https://cc.tvbs.com.tw/img/upload/2023/09/26/20230926195346-ec746993.jpg','2023-09-28 00:00:00.000000'),(829,'蘋果新款iPad mini傳年底現身！升級規格搶先曝光','蘋果新款iPad mini傳年底現身！升級規格搶先曝光','https://cc.tvbs.com.tw/img/upload/2022/07/09/20220709113017-88cad1b7.jpg','2023-09-28 00:00:00.000000'),(830,'高雄男欠千萬誆稱賣佛具遭竊　詐「乾姐姐」300萬','高雄男欠千萬誆稱賣佛具遭竊　詐「乾姐姐」300萬','https://cc.tvbs.com.tw/img/upload/2023/09/27/20230927104610-3c50b7a5.jpg','2023-09-28 00:00:00.000000'),(831,'男友吃掉後接吻！中國女大生「當眾拉屎」　全校狂追求愛大戰','男友吃掉後接吻！中國女大生「當眾拉屎」　全校狂追求愛大戰','https://cc.tvbs.com.tw/img/upload/2023/09/27/20230927104252-0b3cbed7.jpg','2023-09-28 00:00:00.000000'),(832,'竊盜失風被屋主扭打　新北男被揍到「滿臉是血」還得被法辦','竊盜失風被屋主扭打　新北男被揍到「滿臉是血」還得被法辦','https://cc.tvbs.com.tw/img/upload/2023/09/27/20230927104543-c10d5a38.jpg','2023-09-28 00:00:00.000000'),(833,'割愛休傑克曼！27年姐弟戀正式落幕　前妻「首吐17字」發聲','割愛休傑克曼！27年姐弟戀正式落幕　前妻「首吐17字」發聲','https://cc.tvbs.com.tw/img/upload/2023/09/27/20230927095829-944cc280.jpg','2023-09-28 00:00:00.000000'),(834,'小彤爽買上億豪宅當生日禮　羞遇「機上金城武」對視竟觸電了','小彤爽買上億豪宅當生日禮　羞遇「機上金城武」對視竟觸電了','https://cc.tvbs.com.tw/img/upload/2023/09/27/20230927103648-bda52dae.jpg','2023-09-28 00:00:00.000000'),(835,'《對你愛不完》33年！郭富城曬「青澀封面」展凍齡神顏','《對你愛不完》33年！郭富城曬「青澀封面」展凍齡神顏','https://cc.tvbs.com.tw/img/upload/2023/09/27/20230927100651-e6ae45ad.jpg','2023-09-28 00:00:00.000000'),(836,'純酒雞湯惹禍！北市女騎機車上人行道被警攔　酒測超標搬兒求情','純酒雞湯惹禍！北市女騎機車上人行道被警攔　酒測超標搬兒求情','https://cc.tvbs.com.tw/img/upload/2023/09/27/20230927102716-be89f220.jpg','2023-09-28 00:00:00.000000'),(837,'賈永婕突崩潰！「急公開道歉王偉忠」　驚喊：死定了我去跪','賈永婕突崩潰！「急公開道歉王偉忠」　驚喊：死定了我去跪','https://cc.tvbs.com.tw/img/upload/2023/09/27/20230927101209-bfd6cefd.jpg','2023-09-28 00:00:00.000000'),(838,'MLB／金手套16連霸！金鶯名人堂傳奇3壘手羅賓森過世','MLB／金手套16連霸！金鶯名人堂傳奇3壘手羅賓森過世','https://cc.tvbs.com.tw/img/upload/2023/09/27/20230927102619-22c75ad7.jpg','2023-09-28 00:00:00.000000'),(839,'邵雨薇角色扮演辣穿「女僕裝」　霸氣喊：要讓男生追在我後面跑','邵雨薇角色扮演辣穿「女僕裝」　霸氣喊：要讓男生追在我後面跑','https://cc.tvbs.com.tw/img/upload/2023/09/27/20230927102339-f895b3cf.jpg','2023-09-28 00:00:00.000000'),(840,'人氣爆棚！3星座「天生有魅力」超圈粉　第1名包容心超強','人氣爆棚！3星座「天生有魅力」超圈粉　第1名包容心超強','https://cc.tvbs.com.tw/img/upload/2023/09/27/20230927101654-a022d738.jpg','2023-09-28 00:00:00.000000'),(841,'寫滿整張月曆紙！明揚前品管師「內幕大爆料」每一字都是淚','寫滿整張月曆紙！明揚前品管師「內幕大爆料」每一字都是淚','https://cc.tvbs.com.tw/img/upload/2023/09/26/20230926224443-59328733.jpg','2023-09-28 00:00:00.000000'),(842,'最新民調／「侯柯郭」合作　將大贏賴清德15個百分點','最新民調／「侯柯郭」合作　將大贏賴清德15個百分點','https://cc.tvbs.com.tw/img/upload/2023/09/27/20230927101621-939ad3be.jpg','2023-09-28 00:00:00.000000'),(843,'苗栗攤車婦市場賣筍下班挨撞墜水溝　駕駛肇逃：不知撞到人','苗栗攤車婦市場賣筍下班挨撞墜水溝　駕駛肇逃：不知撞到人','https://cc.tvbs.com.tw/img/upload/2023/09/27/20230927100356-3d49289f.jpg','2023-09-28 00:00:00.000000'),(844,'國寶總裁朱國榮棄保潛逃　北檢分案指揮刑事局追緝','國寶總裁朱國榮棄保潛逃　北檢分案指揮刑事局追緝','https://cc.tvbs.com.tw/img/upload/2021/08/05/20210805143904-14595fee.jpg','2023-09-28 00:00:00.000000'),(845,'爆獨寵嫩妹惹毛丁柔安！胡瓜「首發聲火大飆罵」：哪隻眼睛看到','爆獨寵嫩妹惹毛丁柔安！胡瓜「首發聲火大飆罵」：哪隻眼睛看到','https://cc.tvbs.com.tw/img/upload/2023/02/22/20230222111152-9d903142.jpg','2023-09-28 00:00:00.000000'),(846,'林秉樞服刑14天就自由！高嘉瑜難接受：無悔意也沒受到懲罰','林秉樞服刑14天就自由！高嘉瑜難接受：無悔意也沒受到懲罰','https://cc.tvbs.com.tw/img/upload/2023/09/27/20230927101829-d194236b.jpg','2023-09-28 00:00:00.000000'),(847,'美參眾兩院就撥款法案陷僵局　政府關門風險上升','美參眾兩院就撥款法案陷僵局　政府關門風險上升','https://cc.tvbs.com.tw/img/upload/2021/04/22/20210422165646-1c3ea9ff.jpg','2023-09-28 00:00:00.000000'),(848,'質詢屏東大火「立院突傳火災警報」　立委慌亂急問：怎疏散？','質詢屏東大火「立院突傳火災警報」　立委慌亂急問：怎疏散？','https://cc.tvbs.com.tw/img/upload/2023/09/27/20230927101636-dc55fd59.jpg','2023-09-28 00:00:00.000000'),(849,'有片／打臉烏克蘭？　俄黑海艦隊司令被傳炸死後「現身會議」','有片／打臉烏克蘭？　俄黑海艦隊司令被傳炸死後「現身會議」','https://cc.tvbs.com.tw/img/upload/2023/09/27/20230927100154-851f629c.jpg','2023-09-28 00:00:00.000000'),(850,'川普涉浮報資產法官裁定「構成詐欺」　吊銷集團部分執照','川普涉浮報資產法官裁定「構成詐欺」　吊銷集團部分執照','https://cc.tvbs.com.tw/img/upload/2023/08/04/20230804093908-26d8db8e.jpg','2023-09-28 00:00:00.000000'),(851,'明揚大火4勇消殉職　內政部：撫卹金2800萬、協助入忠烈祠','明揚大火4勇消殉職　內政部：撫卹金2800萬、協助入忠烈祠','https://cc.tvbs.com.tw/img/upload/2023/09/23/20230923222310-17675dc7.jpg','2023-09-28 00:00:00.000000'),(852,'「胡瓜寵女星」爆圈內人都知！丁柔安火大　昔離婚內幕起底','「胡瓜寵女星」爆圈內人都知！丁柔安火大　昔離婚內幕起底','https://cc.tvbs.com.tw/img/upload/2023/09/27/20230927095454-dccef83f.jpg','2023-09-28 00:00:00.000000'),(853,'尷尬！車臣領袖自曝兒子狂毆俄囚犯「感自豪」　莫斯科拒評論','尷尬！車臣領袖自曝兒子狂毆俄囚犯「感自豪」　莫斯科拒評論','https://cc.tvbs.com.tw/img/upload/2023/09/27/20230927095151-5e3f095c.jpg','2023-09-28 00:00:00.000000'),(854,'民調巨變藍白怎合？　他驚人預言：「這組合」國民黨慘進殯儀館','民調巨變藍白怎合？　他驚人預言：「這組合」國民黨慘進殯儀館','https://cc.tvbs.com.tw/img/upload/2023/09/19/20230919084040-9ac23fad.jpg','2023-09-28 00:00:00.000000'),(855,'路透：和碩印度iPhone廠火災停工3天　可能還會更久','路透：和碩印度iPhone廠火災停工3天　可能還會更久','https://cc.tvbs.com.tw/img/upload/2023/09/27/20230927093602-06a6ae46.jpg','2023-09-28 00:00:00.000000'),(856,'南美都春天了！　熱浪席捲多國氣溫破攝氏40度','南美都春天了！　熱浪席捲多國氣溫破攝氏40度','https://cc.tvbs.com.tw/img/upload/2023/09/27/20230927093202-f58061d1.jpg','2023-09-28 00:00:00.000000'),(857,'陸寄信騷擾各國外交官！　籲抵制黎智英兒、勿挺港媒體自由','陸寄信騷擾各國外交官！　籲抵制黎智英兒、勿挺港媒體自由','https://cc.tvbs.com.tw/img/upload/2023/09/27/20230927094938-42cff491.jpg','2023-09-28 00:00:00.000000'),(858,'真正招蜂引蝶！男子出遊引來「大量蝴蝶」　網笑：男版香妃','真正招蜂引蝶！男子出遊引來「大量蝴蝶」　網笑：男版香妃','https://cc.tvbs.com.tw/img/upload/2023/09/27/20230927094509-4c4bc840.jpg','2023-09-28 00:00:00.000000'),(859,'有片／伊拉克婚禮煙火變惡火！會館倒塌新人等逾百人慘死','有片／伊拉克婚禮煙火變惡火！會館倒塌新人等逾百人慘死','https://cc.tvbs.com.tw/img/upload/2023/09/27/20230927094801-fa6ca578.jpg','2023-09-28 00:00:00.000000'),(860,'蘋果執行長庫克驚喜造訪馬德里　48小時行程滿檔','蘋果執行長庫克驚喜造訪馬德里　48小時行程滿檔','https://cc.tvbs.com.tw/img/upload/2023/09/27/20230927093805-d2f6e00f.jpg','2023-09-28 00:00:00.000000'),(861,'為愛犬潔牙骨！三重通緝犯深夜超商領包裹　巧遇巡邏警栽了','為愛犬潔牙骨！三重通緝犯深夜超商領包裹　巧遇巡邏警栽了','https://cc.tvbs.com.tw/img/upload/2023/09/27/20230927093801-fa755d81.jpg','2023-09-28 00:00:00.000000'),(862,'輔大新任校長遴選出爐　西雪梨大學副校長藍易振教授出線','輔大新任校長遴選出爐　西雪梨大學副校長藍易振教授出線','https://cc.tvbs.com.tw/img/upload/2023/09/27/20230927094313-748d80a9.jpg','2023-09-28 00:00:00.000000'),(863,'胡瓜賓士護駕「20歲啦啦隊女神」！丁柔安怒飆　經紀人首發聲','胡瓜賓士護駕「20歲啦啦隊女神」！丁柔安怒飆　經紀人首發聲','https://cc.tvbs.com.tw/img/upload/2023/09/27/20230927093107-d8936e29.jpg','2023-09-28 00:00:00.000000'),(864,'台積電開盤下挫2元　台股早盤一度跌逾60點買氣觀望','台積電開盤下挫2元　台股早盤一度跌逾60點買氣觀望','https://cc.tvbs.com.tw/img/upload/2021/08/11/20210811142620-075fa89b.jpg','2023-09-28 00:00:00.000000'),(865,'張智霖禍不單行！兒疑「歧視亞裔影片遭翻出」認錯：要有擔當','張智霖禍不單行！兒疑「歧視亞裔影片遭翻出」認錯：要有擔當','https://cc.tvbs.com.tw/img/upload/2023/09/27/20230927091032-51c15f33.jpg','2023-09-28 00:00:00.000000'),(866,'最近真可怕！小兒科醫曝「數種病毒煉蠱」：爸媽也逃不過','最近真可怕！小兒科醫曝「數種病毒煉蠱」：爸媽也逃不過','https://cc.tvbs.com.tw/img/upload/2023/06/03/20230603173458-e216d76b.jpg','2023-09-28 00:00:00.000000'),(867,'可疑騎士攔檢不停　新北女警拉車尾阻逃反被扯飛慘摔','可疑騎士攔檢不停　新北女警拉車尾阻逃反被扯飛慘摔','https://cc.tvbs.com.tw/img/upload/2023/09/27/20230927093211-495a71a1.jpg','2023-09-28 00:00:00.000000'),(868,'衝擊國安！新晶片技術遭「盜賣中國」　國發基金再當冤大頭','衝擊國安！新晶片技術遭「盜賣中國」　國發基金再當冤大頭','https://cc.tvbs.com.tw/img/upload/2023/09/27/20230927091557-f76ff5d0.jpg','2023-09-28 00:00:00.000000'),(869,'36歲宅男「10分鐘狂喝12罐能量飲料」　他器官衰竭險丟命','36歲宅男「10分鐘狂喝12罐能量飲料」　他器官衰竭險丟命','https://cc.tvbs.com.tw/img/upload/2022/04/25/20220425152535-c230552c.jpg','2023-09-28 00:00:00.000000'),(870,'挖呀挖老師變胖素顏才流出！直播「驚人銷售額」曝網氣炸','挖呀挖老師變胖素顏才流出！直播「驚人銷售額」曝網氣炸','https://cc.tvbs.com.tw/img/upload/2023/09/27/20230927091934-449404f0.jpg','2023-09-28 00:00:00.000000'),(871,'拜登愛犬變「惡夢」　白宮又有特勤人員被咬傷就醫','拜登愛犬變「惡夢」　白宮又有特勤人員被咬傷就醫','https://cc.tvbs.com.tw/img/upload/2023/09/27/20230927092159-13718df6.jpg','2023-09-28 00:00:00.000000'),(872,'女星「全裸蹲坐浴缸」露絕美腰線　美背紅一片原因曝光','女星「全裸蹲坐浴缸」露絕美腰線　美背紅一片原因曝光','https://cc.tvbs.com.tw/img/upload/2023/09/27/20230927091610-dfe8f04a.jpg','2023-09-28 00:00:00.000000'),(873,'上週才掛急診！71歲李昂「凌晨急送大醫院」博愛座風暴血壓狂飆','上週才掛急診！71歲李昂「凌晨急送大醫院」博愛座風暴血壓狂飆','https://cc.tvbs.com.tw/img/upload/2023/09/21/20230921090955-8c168266.jpg','2023-09-28 00:00:00.000000'),(874,'全台變天！中秋連假降溫迎雨彈　「最新成颱機率」曝','全台變天！中秋連假降溫迎雨彈　「最新成颱機率」曝','https://cc.tvbs.com.tw/img/upload/2023/09/03/20230903175716-8b2e2071.jpg','2023-09-28 00:00:00.000000'),(875,'快訊／工廠爆炸震波！明揚吞第3根跌停　明安股價跌逾2％','快訊／工廠爆炸震波！明揚吞第3根跌停　明安股價跌逾2％','https://cc.tvbs.com.tw/img/upload/2023/09/25/20230925201301-b25a8b49.jpg','2023-09-28 00:00:00.000000'),(876,'快刪！3款APP假冒「YouTube」　內藏惡意軟體會竊聽、偷個資','快刪！3款APP假冒「YouTube」　內藏惡意軟體會竊聽、偷個資','https://cc.tvbs.com.tw/img/upload/2022/04/21/20220421211422-d82b5737.jpg','2023-09-28 00:00:00.000000'),(877,'進退兩難！台積電赴美「陷錢坑」　魏哲家密會張忠謀求解方','進退兩難！台積電赴美「陷錢坑」　魏哲家密會張忠謀求解方','https://cc.tvbs.com.tw/img/upload/2023/09/27/20230927085952-ce5db0fd.jpg','2023-09-28 00:00:00.000000'),(878,'快超越周董！女星IG「破823萬」追蹤　全場驚：流量怪物','快超越周董！女星IG「破823萬」追蹤　全場驚：流量怪物','https://cc.tvbs.com.tw/img/upload/2023/09/27/20230927085339-5b2ea634.jpg','2023-09-28 00:00:00.000000'),(879,'不續約BLACKPINK的下場？Jisoo海外行程「1待遇」　引網不滿　','不續約BLACKPINK的下場？Jisoo海外行程「1待遇」　引網不滿　','https://cc.tvbs.com.tw/img/upload/2023/09/27/20230927083513-6edf105e.jpg','2023-09-28 00:00:00.000000'),(880,'秦剛下台有隱情？「秦婦」傅曉田爆在美代孕生子　涉間諜罪被捕','秦剛下台有隱情？「秦婦」傅曉田爆在美代孕生子　涉間諜罪被捕','https://cc.tvbs.com.tw/img/upload/2023/09/27/20230927084910-0c6ce8c3.jpg','2023-09-28 00:00:00.000000'),(881,'傳群組分享戰況！男搭訕「輔大女學生還偷拍」噁誇：搭6中5','傳群組分享戰況！男搭訕「輔大女學生還偷拍」噁誇：搭6中5','https://cc.tvbs.com.tw/img/upload/2023/09/27/20230927084855-5c1ab58a.jpg','2023-09-28 00:00:00.000000'),(882,'長腿國民老公內鬥！　魏嘏雋戲裡使壞「戲外好愛池昌旭」：是男神','長腿國民老公內鬥！　魏嘏雋戲裡使壞「戲外好愛池昌旭」：是男神','https://cc.tvbs.com.tw/img/upload/2023/09/26/20230926193202-cdfba046.jpg','2023-09-28 00:00:00.000000'),(883,'高嘉瑜遭施暴案定讞！林秉樞中秋後「服刑14天」即自由','高嘉瑜遭施暴案定讞！林秉樞中秋後「服刑14天」即自由','https://cc.tvbs.com.tw/img/upload/2023/03/30/20230330150514-d8e1a33f.jpg','2023-09-28 00:00:00.000000'),(884,'今一早「入帳4萬」！中秋爽發錢　172萬人領到了','今一早「入帳4萬」！中秋爽發錢　172萬人領到了','https://cc.tvbs.com.tw/img/upload/2023/01/04/20230104132624-cef84215.jpg','2023-09-28 00:00:00.000000'),(885,'林依晨再搭言承旭！　片場驚傳叫罵聲「你這是什麼態度？」','林依晨再搭言承旭！　片場驚傳叫罵聲「你這是什麼態度？」','https://cc.tvbs.com.tw/img/upload/2023/09/27/20230927082254-4def837f.jpg','2023-09-28 00:00:00.000000'),(886,'警方護短吃案？海邊撞傷男童還嗆聲　黃國昌樁腳未移送法辦','警方護短吃案？海邊撞傷男童還嗆聲　黃國昌樁腳未移送法辦','https://cc.tvbs.com.tw/img/upload/2023/09/27/20230927082821-b55146a4.jpg','2023-09-28 00:00:00.000000'),(887,'歷經喪母之痛！60歲王傑蓄鬍「開怪手」　超狂近況曝光','歷經喪母之痛！60歲王傑蓄鬍「開怪手」　超狂近況曝光','https://cc.tvbs.com.tw/img/upload/2023/09/27/20230927083257-e2e7d4f2.jpg','2023-09-28 00:00:00.000000'),(888,'稱納粹分子「英雄」！加拿大議長鬧國際笑話　請辭難止血','稱納粹分子「英雄」！加拿大議長鬧國際笑話　請辭難止血','https://cc.tvbs.com.tw/img/upload/2023/09/27/20230927082624-8537e322.jpg','2023-09-28 00:00:00.000000'),(889,'水氣增　這裡賞月機率最低！下周關注熱帶系統','水氣增　這裡賞月機率最低！下周關注熱帶系統','https://cc.tvbs.com.tw/img/upload/2023/09/27/20230927081118-db67b92c.jpg','2023-09-28 00:00:00.000000'),(890,'新民調驚天逆轉！侯友宜狂下滑跌破眼鏡　郭台銘參戰「他」恐最慘','新民調驚天逆轉！侯友宜狂下滑跌破眼鏡　郭台銘參戰「他」恐最慘','https://cc.tvbs.com.tw/img/upload/2023/09/18/20230918103740-33bdd57a.jpg','2023-09-28 00:00:00.000000'),(891,'張育成回來了！談下一步鬆口「不排斥日、韓及中職」：誠意最重要','張育成回來了！談下一步鬆口「不排斥日、韓及中職」：誠意最重要','https://cc.tvbs.com.tw/img/upload/2023/09/03/20230903153455-775d6ac8.jpg','2023-09-28 00:00:00.000000'),(892,'貴有貴的道理！《有生之年》張榕容片酬最高　過敏仍敬業演出','貴有貴的道理！《有生之年》張榕容片酬最高　過敏仍敬業演出','https://cc.tvbs.com.tw/img/upload/2023/09/27/20230927081254-b47fdcb3.jpg','2023-09-28 00:00:00.000000'),(893,'慟！資深演員「驚傳逝世」享耆壽90歲　公司沉痛發訃聞哀悼','慟！資深演員「驚傳逝世」享耆壽90歲　公司沉痛發訃聞哀悼','https://cc.tvbs.com.tw/img/upload/2023/09/27/20230927080143-90decdfd.jpg','2023-09-28 00:00:00.000000'),(894,'聯準會恐再升息！美股賣壓沉重　道瓊跌388點創半年最慘','聯準會恐再升息！美股賣壓沉重　道瓊跌388點創半年最慘','https://cc.tvbs.com.tw/img/upload/2023/09/27/20230927080709-beaa023c.jpg','2023-09-28 00:00:00.000000'),(895,'才爽換3天！他騎車iPhone15 Pro秒噴飛　「正反面全碎」慘爆','才爽換3天！他騎車iPhone15 Pro秒噴飛　「正反面全碎」慘爆','https://cc.tvbs.com.tw/img/upload/2023/09/27/20230927080043-ea40cf4d.jpg','2023-09-28 00:00:00.000000'),(896,'屏東某大學1男墜樓亡！現場留有「一封遺書」　學生目擊嚇傻','屏東某大學1男墜樓亡！現場留有「一封遺書」　學生目擊嚇傻','https://cc.tvbs.com.tw/img/upload/2022/12/17/20221217182516-9aa472eb.jpg','2023-09-28 00:00:00.000000'),(897,'挑戰世界6大馬拉松！謝忻突喊「晚上跟我睡」　男屋主嚇壞','挑戰世界6大馬拉松！謝忻突喊「晚上跟我睡」　男屋主嚇壞','https://cc.tvbs.com.tw/img/upload/2023/09/27/20230927074518-9d32ef3c.jpg','2023-09-28 00:00:00.000000'),(898,'59歲包偉銘嘴賤言語激怒！盧廣仲突暴走失控「衝過去要打他」','59歲包偉銘嘴賤言語激怒！盧廣仲突暴走失控「衝過去要打他」','https://cc.tvbs.com.tw/img/upload/2023/09/27/20230927075220-543d4afd.jpg','2023-09-28 00:00:00.000000'),(899,'言承旭爆想婚！　淚崩揭「家庭瘡疤」悲嘆：覺得不被需要','言承旭爆想婚！　淚崩揭「家庭瘡疤」悲嘆：覺得不被需要','https://cc.tvbs.com.tw/img/upload/2023/09/27/20230927074119-6b09fca3.jpg','2023-09-28 00:00:00.000000'),(900,'在日本「不用殺價」？內行認了：很失禮　1前提有機會','在日本「不用殺價」？內行認了：很失禮　1前提有機會','https://cc.tvbs.com.tw/img/upload/2023/09/27/20230927075007-ac802b2a.jpg','2023-09-28 00:00:00.000000'),(901,'Disney＋漲價了！宣布推「全新付費方案」　價格一次看','Disney＋漲價了！宣布推「全新付費方案」　價格一次看','https://cc.tvbs.com.tw/img/upload/2023/02/07/20230207140651-04340405.jpg','2023-09-28 00:00:00.000000'),(902,'2024「這人」恐出局！賴清德「民調變了」震撼　知情者：1對1單挑','2024「這人」恐出局！賴清德「民調變了」震撼　知情者：1對1單挑','https://cc.tvbs.com.tw/img/upload/2023/09/27/20230927074203-167584e0.jpg','2023-09-28 00:00:00.000000'),(903,'中秋賞月不妙！5縣市炸大雨「降溫變天」　連假3地雨更猛','中秋賞月不妙！5縣市炸大雨「降溫變天」　連假3地雨更猛','https://cc.tvbs.com.tw/img/upload/2023/07/11/20230711093321-0ef1dee9.jpg','2023-09-28 00:00:00.000000'),(904,'64歲胡瓜回春有鬼？驚爆「獨寵20歲女星」丁柔安聽她名就氣炸','64歲胡瓜回春有鬼？驚爆「獨寵20歲女星」丁柔安聽她名就氣炸','https://cc.tvbs.com.tw/img/upload/2023/09/27/20230927071916-413ce2f4.jpg','2023-09-28 00:00:00.000000'),(905,'12星座9月27日運勢　金牛人緣大好、牡羊需不斷學習','12星座9月27日運勢　金牛人緣大好、牡羊需不斷學習','https://cc.tvbs.com.tw/img/upload/2023/08/26/20230826080413-2cdcd8c1.jpg','2023-09-28 00:00:00.000000'),(906,'美女直播主絲襪套頭「臉變形」豁出去！　打賭輸慘玩很大','美女直播主絲襪套頭「臉變形」豁出去！　打賭輸慘玩很大','https://cc.tvbs.com.tw/img/upload/2023/09/26/20230926191446-8ae8914b.jpg','2023-09-28 00:00:00.000000'),(907,'總統府：民意信箱收到炸彈恐嚇信　已向警方報案','總統府：民意信箱收到炸彈恐嚇信　已向警方報案','https://cc.tvbs.com.tw/img/upload/2023/09/27/20230927062246-47e5cb65.jpg','2023-09-28 00:00:00.000000'),(908,'聯合國大會總辯論落幕　11友邦聲援台灣與上屆相同','聯合國大會總辯論落幕　11友邦聲援台灣與上屆相同','https://cc.tvbs.com.tw/img/upload/2023/09/27/20230927061027-d41ebef1.jpg','2023-09-28 00:00:00.000000'),(909,'今北部東部短暫陣雨氣溫涼爽　中秋連假天氣出爐！','今北部東部短暫陣雨氣溫涼爽　中秋連假天氣出爐！','https://cc.tvbs.com.tw/img/upload/2023/09/27/20230927060149-b0129823.jpg','2023-09-28 00:00:00.000000'),(910,'決定了才說！3星座總自作主張　背後原因竟是「在乎你」','決定了才說！3星座總自作主張　背後原因竟是「在乎你」','https://cc.tvbs.com.tw/img/upload/2023/09/26/20230926184226-e75dd01b.jpg','2023-09-28 00:00:00.000000'),(911,'柳承龍爆《異能》「這一幕」吐了2次　親揭第二季去向','柳承龍爆《異能》「這一幕」吐了2次　親揭第二季去向','https://cc.tvbs.com.tw/img/upload/2023/09/26/20230926112433-6389b3c8.jpg','2023-09-28 00:00:00.000000'),(912,'天天久坐10小時！26歲女腰痛就醫　驚罹「死臀綜合症」','天天久坐10小時！26歲女腰痛就醫　驚罹「死臀綜合症」','https://cc.tvbs.com.tw/img/upload/2023/09/26/20230926110316-5dc645ac.jpg','2023-09-28 00:00:00.000000'),(913,'女OL日久坐10小時臀鬆垮！罹「這病」腰膝壓力恐倍增','女OL日久坐10小時臀鬆垮！罹「這病」腰膝壓力恐倍增','https://cc.tvbs.com.tw/img/upload/2023/08/28/20230828145707-648f6964.jpg','2023-09-28 00:00:00.000000'),(914,'什麼情況必讓座？網曝「這類人上車」秒起身：其他看心情','什麼情況必讓座？網曝「這類人上車」秒起身：其他看心情','https://cc.tvbs.com.tw/img/upload/2023/09/21/20230921142028-4d031f80.jpg','2023-09-28 00:00:00.000000');
/*!40000 ALTER TABLE `news` ENABLE KEYS */;
UNLOCK TABLES;
/*!40103 SET TIME_ZONE=@OLD_TIME_ZONE */;

/*!40101 SET SQL_MODE=@OLD_SQL_MODE */;
/*!40014 SET FOREIGN_KEY_CHECKS=@OLD_FOREIGN_KEY_CHECKS */;
/*!40014 SET UNIQUE_CHECKS=@OLD_UNIQUE_CHECKS */;
/*!40101 SET CHARACTER_SET_CLIENT=@OLD_CHARACTER_SET_CLIENT */;
/*!40101 SET CHARACTER_SET_RESULTS=@OLD_CHARACTER_SET_RESULTS */;
/*!40101 SET COLLATION_CONNECTION=@OLD_COLLATION_CONNECTION */;
/*!40111 SET SQL_NOTES=@OLD_SQL_NOTES */;

-- Dump completed on 2023-09-28 21:55:39
